symbol,day,scenario,bias,recipe,entry_time_utc,entry_price,stop,tp1,tp2,tp3,first_hit,R_multiple,start_value,end_value,total_return_amount,total_return_pct,max_drawdown_amount,max_drawdown_pct,daily_vol,return_risk_ratio,n_days
SPXUSD,2023-01-04,1,bearish,S1_NY: 5m retrace + 1m BOS,2023-01-04 15:00:00+00:00,3836.896,3846.016,3834.01,3828.791,3821.002,stop,0.1582236842105264,10031.644736842107,11765.225994103275,1733.5812572611685,0.17281126901299015,4483.255265941845,-0.2961679116608422,0.025020155218223435,0.38667913255592345,727
SPXUSD,2023-01-04,2,bearish,S2_NY: 5m retrace + 1m BOS,2023-01-04 15:00:00+00:00,3836.896,3846.016,3834.01,3828.791,3821.002,stop,0.1582236842105264,10031.644736842107,11765.225994103275,1733.5812572611685,0.17281126901299015,4483.255265941845,-0.2961679116608422,0.025020155218223435,0.38667913255592345,727
SPXUSD,2023-01-05,1,bullish,S1_NY: 5m retrace + 1m BOS,2023-01-05 14:50:00+00:00,3808.493,3802.008,3830.266,3862.799,,tp1,1.6787201233615814,10031.644736842107,11765.225994103275,1733.5812572611685,0.17281126901299015,4483.255265941845,-0.2961679116608422,0.025020155218223435,0.38667913255592345,727
SPXUSD,2023-01-10,2,bullish,S2_NY: 5m retrace + 1m BOS,2023-01-10 15:06:00+00:00,3898.281,3891.876,3905.511,,,tp1,0.5644028103044735,10031.644736842107,11765.225994103275,1733.5812572611685,0.17281126901299015,4483.255265941845,-0.2961679116608422,0.025020155218223435,0.38667913255592345,727
SPXUSD,2023-01-11,2,bearish,S2_NY: 5m retrace + 1m BOS,2023-01-11 14:53:00+00:00,3936.738,3945.068,3931.446,3913.862,3913.04,tp1,0.3176470588235098,10031.644736842107,11765.225994103275,1733.5812572611685,0.17281126901299015,4483.255265941845,-0.2961679116608422,0.025020155218223435,0.38667913255592345,727
SPXUSD,2023-01-11,3,bearish,S3_NY: 5m retrace + 1m BOS,2023-01-11 14:53:00+00:00,3936.738,3945.068,3933.063,3913.862,3913.04,tp1,0.22058823529409116,10031.644736842107,11765.225994103275,1733.5812572611685,0.17281126901299015,4483.255265941845,-0.2961679116608422,0.025020155218223435,0.38667913255592345,727
SPXUSD,2023-01-13,1,bullish,S1_NY: 5m retrace + 1m BOS,2023-01-13 14:40:00+00:00,3953.07,3947.369,3956.512,3986.159,3987.966,stop,-1.0,10031.644736842107,11765.225994103275,1733.5812572611685,0.17281126901299015,4483.255265941845,-0.2961679116608422,0.025020155218223435,0.38667913255592345,727
SPXUSD,2023-01-13,2,bullish,S2_NY: 5m retrace + 1m BOS,2023-01-13 14:40:00+00:00,3953.07,3947.369,3956.512,3986.159,3987.966,stop,-1.0,10031.644736842107,11765.225994103275,1733.5812572611685,0.17281126901299015,4483.255265941845,-0.2961679116608422,0.025020155218223435,0.38667913255592345,727
SPXUSD,2023-01-18,1,bearish,S1_NY: 5m retrace + 1m BOS,2023-01-18 15:09:00+00:00,4009.972,4013.399,3993.122,3989.198,3977.509,stop,-1.0,10031.644736842107,11765.225994103275,1733.5812572611685,0.17281126901299015,4483.255265941845,-0.2961679116608422,0.025020155218223435,0.38667913255592345,727
SPXUSD,2023-01-18,2,bearish,S2_NY: 5m retrace + 1m BOS,2023-01-18 15:09:00+00:00,4009.972,4013.399,3993.122,3989.198,3977.509,stop,-1.0,10031.644736842107,11765.225994103275,1733.5812572611685,0.17281126901299015,4483.255265941845,-0.2961679116608422,0.025020155218223435,0.38667913255592345,727
SPXUSD,2023-01-24,1,bullish,S1_NY: 5m retrace + 1m BOS,2023-01-24 14:42:00+00:00,3999.116,3992.869,4003.622,4020.381,4023.875,tp1,0.36065311349447504,10031.644736842107,11765.225994103275,1733.5812572611685,0.17281126901299015,4483.255265941845,-0.2961679116608422,0.025020155218223435,0.38667913255592345,727
SPXUSD,2023-01-24,3,bullish,S3_NY: 5m retrace + 1m BOS,2023-01-24 14:42:00+00:00,3999.116,3992.869,4002.122,4020.381,4023.875,tp1,0.2405954858331946,10031.644736842107,11765.225994103275,1733.5812572611685,0.17281126901299015,4483.255265941845,-0.2961679116608422,0.025020155218223435,0.38667913255592345,727
SPXUSD,2023-01-25,2,bullish,S2_NY: 5m retrace + 1m BOS,2023-01-25 14:40:00+00:00,3976.713,3966.449,3986.977,4006.961,,stop,-1.0,10031.644736842107,11765.225994103275,1733.5812572611685,0.17281126901299015,4483.255265941845,-0.2961679116608422,0.025020155218223435,0.38667913255592345,727
SPXUSD,2023-01-25,3,bullish,S3_NY: 5m retrace + 1m BOS,2023-01-25 14:40:00+00:00,3976.713,3966.449,3986.977,4006.961,,stop,-1.0,10031.644736842107,11765.225994103275,1733.5812572611685,0.17281126901299015,4483.255265941845,-0.2961679116608422,0.025020155218223435,0.38667913255592345,727
SPXUSD,2023-01-27,2,bearish,S2_NY: 5m retrace + 1m BOS,2023-01-27 15:00:00+00:00,4059.556,4067.291,4043.723,4042.191,,stop,-1.0,10031.644736842107,11765.225994103275,1733.5812572611685,0.17281126901299015,4483.255265941845,-0.2961679116608422,0.025020155218223435,0.38667913255592345,727
SPXUSD,2023-01-27,3,bearish,S3_NY: 5m retrace + 1m BOS,2023-01-27 15:00:00+00:00,4059.556,4067.291,4049.43,4042.191,,stop,-1.0,10031.644736842107,11765.225994103275,1733.5812572611685,0.17281126901299015,4483.255265941845,-0.2961679116608422,0.025020155218223435,0.38667913255592345,727
SPXUSD,2023-02-01,3,bearish,S3_NY: 5m retrace + 1m BOS,2023-02-01 14:44:00+00:00,4064.659,4067.536,4060.089,4057.468,,stop,-1.0,10031.644736842107,11765.225994103275,1733.5812572611685,0.17281126901299015,4483.255265941845,-0.2961679116608422,0.025020155218223435,0.38667913255592345,727
SPXUSD,2023-02-02,1,bearish,S1_NY: 5m retrace + 1m BOS,2023-02-02 14:51:00+00:00,4149.725,4158.716,4144.96,4129.04,4122.99,tp1,0.26498720943167253,10031.644736842107,11765.225994103275,1733.5812572611685,0.17281126901299015,4483.255265941845,-0.2961679116608422,0.025020155218223435,0.38667913255592345,727
SPXUSD,2023-02-02,3,bearish,S3_NY: 5m retrace + 1m BOS,2023-02-02 14:51:00+00:00,4149.725,4158.716,4144.96,4129.04,4122.99,tp1,0.26498720943167253,10031.644736842107,11765.225994103275,1733.5812572611685,0.17281126901299015,4483.255265941845,-0.2961679116608422,0.025020155218223435,0.38667913255592345,727
SPXUSD,2023-02-08,1,bullish,S1_NY: 5m retrace + 1m BOS,2023-02-08 14:58:00+00:00,4150.633,4149.07,4155.638,4163.625,4168.053,stop,-1.0,10031.644736842107,11765.225994103275,1733.5812572611685,0.17281126901299015,4483.255265941845,-0.2961679116608422,0.025020155218223435,0.38667913255592345,727
SPXUSD,2023-02-09,2,bearish,S2_NY: 5m retrace + 1m BOS,2023-02-09 15:23:00+00:00,4146.385,4150.729,4140.266,4134.726,4122.208,tp1,2.766689686924596,10031.644736842107,11765.225994103275,1733.5812572611685,0.17281126901299015,4483.255265941845,-0.2961679116608422,0.025020155218223435,0.38667913255592345,727
SPXUSD,2023-02-13,1,bearish,S1_NY: 5m retrace + 1m BOS,2023-02-13 14:42:00+00:00,4098.781,4100.278,4091.522,4080.133,4068.76,stop,-1.0,10031.644736842107,11765.225994103275,1733.5812572611685,0.17281126901299015,4483.255265941845,-0.2961679116608422,0.025020155218223435,0.38667913255592345,727
SPXUSD,2023-02-16,1,bullish,S1_NY: 5m retrace + 1m BOS,2023-02-16 15:05:00+00:00,4097.689,4094.818,4104.278,4157.425,,stop,-1.0,10031.644736842107,11765.225994103275,1733.5812572611685,0.17281126901299015,4483.255265941845,-0.2961679116608422,0.025020155218223435,0.38667913255592345,727
SPXUSD,2023-02-16,2,bullish,S2_NY: 5m retrace + 1m BOS,2023-02-16 15:05:00+00:00,4097.689,4094.818,4104.278,4157.425,,stop,-1.0,10031.644736842107,11765.225994103275,1733.5812572611685,0.17281126901299015,4483.255265941845,-0.2961679116608422,0.025020155218223435,0.38667913255592345,727
SPXUSD,2023-02-17,2,bullish,S2_NY: 5m retrace + 1m BOS,2023-02-17 14:42:00+00:00,4064.639,4063.295,4074.176,,,stop,-1.0,10031.644736842107,11765.225994103275,1733.5812572611685,0.17281126901299015,4483.255265941845,-0.2961679116608422,0.025020155218223435,0.38667913255592345,727
SPXUSD,2023-02-21,3,bullish,S3_NY: 5m retrace + 1m BOS,2023-02-21 14:41:00+00:00,4044.967,4038.961,4050.973,4060.961,4068.527,stop,-1.0,10031.644736842107,11765.225994103275,1733.5812572611685,0.17281126901299015,4483.255265941845,-0.2961679116608422,0.025020155218223435,0.38667913255592345,727
SPXUSD,2023-02-23,2,bearish,S2_NY: 5m retrace + 1m BOS,2023-02-23 15:30:00+00:00,4013.673,4017.677,4010.831,4001.914,4001.664,tp1,0.35489510489502846,10031.644736842107,11765.225994103275,1733.5812572611685,0.17281126901299015,4483.255265941845,-0.2961679116608422,0.025020155218223435,0.38667913255592345,727
SPXUSD,2023-02-28,3,bearish,S3_NY: 5m retrace + 1m BOS,2023-02-28 14:55:00+00:00,3978.696,3983.4,3969.39,3966.497,,stop,-1.0,10031.644736842107,11765.225994103275,1733.5812572611685,0.17281126901299015,4483.255265941845,-0.2961679116608422,0.025020155218223435,0.38667913255592345,727
SPXUSD,2023-03-01,1,bearish,S1_NY: 5m retrace + 1m BOS,2023-03-01 14:51:00+00:00,3968.092,3970.774,3954.454,,,tp1,2.5425055928413482,10031.644736842107,11765.225994103275,1733.5812572611685,0.17281126901299015,4483.255265941845,-0.2961679116608422,0.025020155218223435,0.38667913255592345,727
SPXUSD,2023-03-01,2,bearish,S2_NY: 5m retrace + 1m BOS,2023-03-01 14:51:00+00:00,3968.092,3970.774,3954.454,,,tp1,2.5425055928413482,10031.644736842107,11765.225994103275,1733.5812572611685,0.17281126901299015,4483.255265941845,-0.2961679116608422,0.025020155218223435,0.38667913255592345,727
SPXUSD,2023-03-06,2,bearish,S2_NY: 5m retrace + 1m BOS,2023-03-06 14:57:00+00:00,4057.917,4061.802,4050.914,4041.537,4038.661,stop,-1.0,10031.644736842107,11765.225994103275,1733.5812572611685,0.17281126901299015,4483.255265941845,-0.2961679116608422,0.025020155218223435,0.38667913255592345,727
SPXUSD,2023-03-08,2,bearish,S2_NY: 5m retrace + 1m BOS,2023-03-08 15:20:00+00:00,3981.076,3987.424,3971.953,,,stop,-1.0,10031.644736842107,11765.225994103275,1733.5812572611685,0.17281126901299015,4483.255265941845,-0.2961679116608422,0.025020155218223435,0.38667913255592345,727
SPXUSD,2023-03-10,2,bearish,S2_NY: 5m retrace + 1m BOS,2023-03-10 15:11:00+00:00,3898.147,3908.116,3893.054,3886.677,3882.394,tp1,0.2554418697963598,10031.644736842107,11765.225994103275,1733.5812572611685,0.17281126901299015,4483.255265941845,-0.2961679116608422,0.025020155218223435,0.38667913255592345,727
SPXUSD,2023-03-14,1,bearish,S1_NY: 5m retrace + 1m BOS,2023-03-14 15:41:00+00:00,3934.133,3936.093,3880.013,3861.357,3855.044,tp1,13.806122448979307,10031.644736842107,11765.225994103275,1733.5812572611685,0.17281126901299015,4483.255265941845,-0.2961679116608422,0.025020155218223435,0.38667913255592345,727
SPXUSD,2023-03-14,2,bearish,S2_NY: 5m retrace + 1m BOS,2023-03-14 15:41:00+00:00,3934.133,3936.093,3880.013,3861.357,3855.044,tp1,13.806122448979307,10031.644736842107,11765.225994103275,1733.5812572611685,0.17281126901299015,4483.255265941845,-0.2961679116608422,0.025020155218223435,0.38667913255592345,727
SPXUSD,2023-03-15,2,bullish,S2_NY: 5m retrace + 1m BOS,2023-03-15 14:45:00+00:00,3849.117,3844.361,3872.177,3923.571,3929.697,stop,-1.0,10031.644736842107,11765.225994103275,1733.5812572611685,0.17281126901299015,4483.255265941845,-0.2961679116608422,0.025020155218223435,0.38667913255592345,727
SPXUSD,2023-03-17,2,bullish,S2_NY: 5m retrace + 1m BOS,2023-03-17 14:47:00+00:00,3915.629,3910.614,3928.611,3975.632,,stop,-1.0,10031.644736842107,11765.225994103275,1733.5812572611685,0.17281126901299015,4483.255265941845,-0.2961679116608422,0.025020155218223435,0.38667913255592345,727
SPXUSD,2023-03-17,3,bullish,S3_NY: 5m retrace + 1m BOS,2023-03-17 14:47:00+00:00,3915.629,3910.614,3921.927,3975.632,,stop,-1.0,10031.644736842107,11765.225994103275,1733.5812572611685,0.17281126901299015,4483.255265941845,-0.2961679116608422,0.025020155218223435,0.38667913255592345,727
SPXUSD,2023-03-20,3,bullish,S3_NY: 5m retrace + 1m BOS,2023-03-20 15:18:00+00:00,3946.844,3943.499,3951.736,,,tp1,0.7312406576979751,10031.644736842107,11765.225994103275,1733.5812572611685,0.17281126901299015,4483.255265941845,-0.2961679116608422,0.025020155218223435,0.38667913255592345,727
SPXUSD,2023-03-22,1,bearish,S1_NY: 5m retrace + 1m BOS,2023-03-22 15:27:00+00:00,4003.333,4005.577,3995.37,3989.111,,stop,-1.0,10031.644736842107,11765.225994103275,1733.5812572611685,0.17281126901299015,4483.255265941845,-0.2961679116608422,0.025020155218223435,0.38667913255592345,727
SPXUSD,2023-03-22,2,bearish,S2_NY: 5m retrace + 1m BOS,2023-03-22 15:27:00+00:00,4003.333,4005.577,3995.37,3989.111,,stop,-1.0,10031.644736842107,11765.225994103275,1733.5812572611685,0.17281126901299015,4483.255265941845,-0.2961679116608422,0.025020155218223435,0.38667913255592345,727
SPXUSD,2023-03-22,3,bearish,S3_NY: 5m retrace + 1m BOS,2023-03-22 15:27:00+00:00,4003.333,4005.577,3998.623,3989.111,,stop,-1.0,10031.644736842107,11765.225994103275,1733.5812572611685,0.17281126901299015,4483.255265941845,-0.2961679116608422,0.025020155218223435,0.38667913255592345,727
SPXUSD,2023-03-28,2,bullish,S2_NY: 5m retrace + 1m BOS,2023-03-28 13:50:00+00:00,3969.544,3967.334,3978.676,3992.519,,stop,-1.0,10031.644736842107,11765.225994103275,1733.5812572611685,0.17281126901299015,4483.255265941845,-0.2961679116608422,0.025020155218223435,0.38667913255592345,727
SPXUSD,2023-04-05,1,bullish,S1_NY: 5m retrace + 1m BOS,2023-04-05 13:55:00+00:00,4091.396,4090.376,4099.379,4102.537,4106.21,stop,-1.0,10031.644736842107,11765.225994103275,1733.5812572611685,0.17281126901299015,4483.255265941845,-0.2961679116608422,0.025020155218223435,0.38667913255592345,727
SPXUSD,2023-04-05,3,bullish,S3_NY: 5m retrace + 1m BOS,2023-04-05 13:55:00+00:00,4091.396,4090.376,4093.062,4102.537,4106.21,stop,-1.0,10031.644736842107,11765.225994103275,1733.5812572611685,0.17281126901299015,4483.255265941845,-0.2961679116608422,0.025020155218223435,0.38667913255592345,727
SPXUSD,2023-04-14,2,bullish,S2_NY: 5m retrace + 1m BOS,2023-04-14 14:22:00+00:00,4140.811,4137.39,4147.82,,,tp1,1.0244080678166196,10031.644736842107,11765.225994103275,1733.5812572611685,0.17281126901299015,4483.255265941845,-0.2961679116608422,0.025020155218223435,0.38667913255592345,727
SPXUSD,2023-04-18,2,bearish,S2_NY: 5m retrace + 1m BOS,2023-04-18 14:15:00+00:00,4166.963,4169.997,4163.928999999999,4150.753,4147.581,tp1,0.5,10031.644736842107,11765.225994103275,1733.5812572611685,0.17281126901299015,4483.255265941845,-0.2961679116608422,0.025020155218223435,0.38667913255592345,727
SPXUSD,2023-04-18,3,bearish,S3_NY: 5m retrace + 1m BOS,2023-04-18 14:15:00+00:00,4166.963,4169.997,4163.928999999999,4150.753,4147.581,tp1,0.5,10031.644736842107,11765.225994103275,1733.5812572611685,0.17281126901299015,4483.255265941845,-0.2961679116608422,0.025020155218223435,0.38667913255592345,727
SPXUSD,2023-04-20,1,bullish,S1_NY: 5m retrace + 1m BOS,2023-04-20 14:21:00+00:00,4124.441,4122.661,4129.512,4145.507,4148.716,stop,-1.0,10031.644736842107,11765.225994103275,1733.5812572611685,0.17281126901299015,4483.255265941845,-0.2961679116608422,0.025020155218223435,0.38667913255592345,727
SPXUSD,2023-04-20,2,bullish,S2_NY: 5m retrace + 1m BOS,2023-04-20 14:21:00+00:00,4124.441,4122.661,4129.512,4145.507,4148.716,stop,-1.0,10031.644736842107,11765.225994103275,1733.5812572611685,0.17281126901299015,4483.255265941845,-0.2961679116608422,0.025020155218223435,0.38667913255592345,727
SPXUSD,2023-04-20,3,bullish,S3_NY: 5m retrace + 1m BOS,2023-04-20 14:21:00+00:00,4124.441,4122.661,4126.221,4145.507,4148.716,stop,-1.0,10031.644736842107,11765.225994103275,1733.5812572611685,0.17281126901299015,4483.255265941845,-0.2961679116608422,0.025020155218223435,0.38667913255592345,727
SPXUSD,2023-04-24,1,bearish,S1_NY: 5m retrace + 1m BOS,2023-04-24 14:13:00+00:00,4133.723,4134.229,4111.232,4110.97,,stop,-1.0,10031.644736842107,11765.225994103275,1733.5812572611685,0.17281126901299015,4483.255265941845,-0.2961679116608422,0.025020155218223435,0.38667913255592345,727
SPXUSD,2023-04-24,2,bearish,S2_NY: 5m retrace + 1m BOS,2023-04-24 14:13:00+00:00,4133.723,4134.229,4111.232,4110.97,,stop,-1.0,10031.644736842107,11765.225994103275,1733.5812572611685,0.17281126901299015,4483.255265941845,-0.2961679116608422,0.025020155218223435,0.38667913255592345,727
SPXUSD,2023-04-24,3,bearish,S3_NY: 5m retrace + 1m BOS,2023-04-24 14:13:00+00:00,4133.723,4134.229,4132.467,4110.97,,tp1,1.2411067193671308,10031.644736842107,11765.225994103275,1733.5812572611685,0.17281126901299015,4483.255265941845,-0.2961679116608422,0.025020155218223435,0.38667913255592345,727
SPXUSD,2023-04-27,1,bearish,S1_NY: 5m retrace + 1m BOS,2023-04-27 14:17:00+00:00,4078.001,4080.8,4077.511,4067.241,4060.96,tp1,0.0875312611647446,10031.644736842107,11765.225994103275,1733.5812572611685,0.17281126901299015,4483.255265941845,-0.2961679116608422,0.025020155218223435,0.38667913255592345,727
SPXUSD,2023-05-02,3,bearish,S3_NY: 5m retrace + 1m BOS,2023-05-02 14:25:00+00:00,4157.217,4157.427,4156.373,,,stop,-1.0,10031.644736842107,11765.225994103275,1733.5812572611685,0.17281126901299015,4483.255265941845,-0.2961679116608422,0.025020155218223435,0.38667913255592345,727
SPXUSD,2023-05-03,1,bearish,S1_NY: 5m retrace + 1m BOS,2023-05-03 14:25:00+00:00,4126.753,4127.962,4121.723,,,stop,-1.0,10031.644736842107,11765.225994103275,1733.5812572611685,0.17281126901299015,4483.255265941845,-0.2961679116608422,0.025020155218223435,0.38667913255592345,727
SPXUSD,2023-05-19,3,bullish,S3_NY: 5m retrace + 1m BOS,2023-05-19 13:40:00+00:00,4211.769,4209.284,4212.276,,,stop,-1.0,10031.644736842107,11765.225994103275,1733.5812572611685,0.17281126901299015,4483.255265941845,-0.2961679116608422,0.025020155218223435,0.38667913255592345,727
SPXUSD,2023-05-23,1,bullish,S1_NY: 5m retrace + 1m BOS,2023-05-23 13:43:00+00:00,4185.012,4182.032,4187.991999999999,4199.069,4209.919,stop,-1.0,10031.644736842107,11765.225994103275,1733.5812572611685,0.17281126901299015,4483.255265941845,-0.2961679116608422,0.025020155218223435,0.38667913255592345,727
SPXUSD,2023-05-25,3,bearish,S3_NY: 5m retrace + 1m BOS,2023-05-25 14:10:00+00:00,4152.367,4155.62,4151.643,4124.531,4121.11,tp1,0.11128189363667791,10031.644736842107,11765.225994103275,1733.5812572611685,0.17281126901299015,4483.255265941845,-0.2961679116608422,0.025020155218223435,0.38667913255592345,727
SPXUSD,2023-05-29,1,bullish,S1_NY: 5m retrace + 1m BOS,2023-05-29 14:10:00+00:00,4214.726,4213.729,4215.732,4223.976,4229.527,stop,-1.0,10031.644736842107,11765.225994103275,1733.5812572611685,0.17281126901299015,4483.255265941845,-0.2961679116608422,0.025020155218223435,0.38667913255592345,727
SPXUSD,2023-05-29,2,bullish,S2_NY: 5m retrace + 1m BOS,2023-05-29 14:10:00+00:00,4214.726,4213.729,4215.732,4223.976,4229.527,stop,-1.0,10031.644736842107,11765.225994103275,1733.5812572611685,0.17281126901299015,4483.255265941845,-0.2961679116608422,0.025020155218223435,0.38667913255592345,727
SPXUSD,2023-05-30,1,bearish,S1_NY: 5m retrace + 1m BOS,2023-05-30 13:41:00+00:00,4229.226,4230.527,4226.711,4213.726,4212.217,tp1,0.9665641813984137,10031.644736842107,11765.225994103275,1733.5812572611685,0.17281126901299015,4483.255265941845,-0.2961679116608422,0.025020155218223435,0.38667913255592345,727
SPXUSD,2023-05-30,2,bearish,S2_NY: 5m retrace + 1m BOS,2023-05-30 13:41:00+00:00,4229.226,4230.527,4226.711,4213.726,4212.217,tp1,0.9665641813984137,10031.644736842107,11765.225994103275,1733.5812572611685,0.17281126901299015,4483.255265941845,-0.2961679116608422,0.025020155218223435,0.38667913255592345,727
SPXUSD,2023-05-31,2,bullish,S2_NY: 5m retrace + 1m BOS,2023-05-31 13:49:00+00:00,4186.449,4186.442,4188.237,4198.999,4207.927,stop,-1.0,10031.644736842107,11765.225994103275,1733.5812572611685,0.17281126901299015,4483.255265941845,-0.2961679116608422,0.025020155218223435,0.38667913255592345,727
SPXUSD,2023-06-02,1,bearish,S1_NY: 5m retrace + 1m BOS,2023-06-02 13:50:00+00:00,4241.172,4244.682,4229.146,4226.864,4221.454,stop,-1.0,10031.644736842107,11765.225994103275,1733.5812572611685,0.17281126901299015,4483.255265941845,-0.2961679116608422,0.025020155218223435,0.38667913255592345,727
SPXUSD,2023-06-02,2,bearish,S2_NY: 5m retrace + 1m BOS,2023-06-02 13:50:00+00:00,4241.172,4244.682,4229.146,4226.864,4221.454,stop,-1.0,10031.644736842107,11765.225994103275,1733.5812572611685,0.17281126901299015,4483.255265941845,-0.2961679116608422,0.025020155218223435,0.38667913255592345,727
SPXUSD,2023-06-06,2,bullish,S2_NY: 5m retrace + 1m BOS,2023-06-06 14:12:00+00:00,4272.293,4270.774,4276.352,4278.137,,stop,-1.0,10031.644736842107,11765.225994103275,1733.5812572611685,0.17281126901299015,4483.255265941845,-0.2961679116608422,0.025020155218223435,0.38667913255592345,727
SPXUSD,2023-06-08,2,bearish,S2_NY: 5m retrace + 1m BOS,2023-06-08 13:52:00+00:00,4270.046,4271.286,4262.771,4258.781,4256.737,stop,-1.0,10031.644736842107,11765.225994103275,1733.5812572611685,0.17281126901299015,4483.255265941845,-0.2961679116608422,0.025020155218223435,0.38667913255592345,727
SPXUSD,2023-06-14,1,bearish,S1_NY: 5m retrace + 1m BOS,2023-06-14 13:40:00+00:00,4373.617,4376.511,4372.222,4365.701,4364.521,tp1,0.2410158949551355,10031.644736842107,11765.225994103275,1733.5812572611685,0.17281126901299015,4483.255265941845,-0.2961679116608422,0.025020155218223435,0.38667913255592345,727
SPXUSD,2023-06-14,3,bearish,S3_NY: 5m retrace + 1m BOS,2023-06-14 13:40:00+00:00,4373.617,4376.511,4370.723,4365.701,4364.521,stop,-1.0,10031.644736842107,11765.225994103275,1733.5812572611685,0.17281126901299015,4483.255265941845,-0.2961679116608422,0.025020155218223435,0.38667913255592345,727
SPXUSD,2023-06-26,2,bullish,S2_NY: 5m retrace + 1m BOS,2023-06-26 14:12:00+00:00,4344.114,4342.87,4347.677,4355.117,4361.382,stop,-1.0,10031.644736842107,11765.225994103275,1733.5812572611685,0.17281126901299015,4483.255265941845,-0.2961679116608422,0.025020155218223435,0.38667913255592345,727
SPXUSD,2023-06-28,3,bearish,S3_NY: 5m retrace + 1m BOS,2023-06-28 14:26:00+00:00,4367.299,4368.262,4366.751,4366.374,,tp1,0.2845275181723383,10031.644736842107,11765.225994103275,1733.5812572611685,0.17281126901299015,4483.255265941845,-0.2961679116608422,0.025020155218223435,0.38667913255592345,727
SPXUSD,2023-07-03,3,bearish,S3_NY: 5m retrace + 1m BOS,2023-07-03 14:16:00+00:00,4446.632,4448.852,4444.411999999999,,,tp1,0.5,10031.644736842107,11765.225994103275,1733.5812572611685,0.17281126901299015,4483.255265941845,-0.2961679116608422,0.025020155218223435,0.38667913255592345,727
SPXUSD,2023-07-06,2,bullish,S2_NY: 5m retrace + 1m BOS,2023-07-06 14:18:00+00:00,4409.157,4407.382,4425.127,4433.781,4445.657,stop,-1.0,10031.644736842107,11765.225994103275,1733.5812572611685,0.17281126901299015,4483.255265941845,-0.2961679116608422,0.025020155218223435,0.38667913255592345,727
SPXUSD,2023-07-06,3,bullish,S3_NY: 5m retrace + 1m BOS,2023-07-06 14:18:00+00:00,4409.157,4407.382,4411.082,4433.781,4445.657,stop,-1.0,10031.644736842107,11765.225994103275,1733.5812572611685,0.17281126901299015,4483.255265941845,-0.2961679116608422,0.025020155218223435,0.38667913255592345,727
SPXUSD,2023-07-14,1,bearish,S1_NY: 5m retrace + 1m BOS,2023-07-14 13:40:00+00:00,4514.882,4517.352,4512.411999999999,4502.521,4500.594,stop,-1.0,10031.644736842107,11765.225994103275,1733.5812572611685,0.17281126901299015,4483.255265941845,-0.2961679116608422,0.025020155218223435,0.38667913255592345,727
SPXUSD,2023-07-14,2,bearish,S2_NY: 5m retrace + 1m BOS,2023-07-14 13:40:00+00:00,4514.882,4517.352,4512.411999999999,4502.521,4500.594,stop,-1.0,10031.644736842107,11765.225994103275,1733.5812572611685,0.17281126901299015,4483.255265941845,-0.2961679116608422,0.025020155218223435,0.38667913255592345,727
SPXUSD,2023-07-17,1,bullish,S1_NY: 5m retrace + 1m BOS,2023-07-17 13:46:00+00:00,4499.626,4498.611,4501.876,4507.427,,stop,-1.0,10031.644736842107,11765.225994103275,1733.5812572611685,0.17281126901299015,4483.255265941845,-0.2961679116608422,0.025020155218223435,0.38667913255592345,727
SPXUSD,2023-07-21,1,bearish,S1_NY: 5m retrace + 1m BOS,2023-07-21 15:00:00+00:00,4541.021,4555.287,4526.754999999999,,,none,0.0,10031.644736842107,11765.225994103275,1733.5812572611685,0.17281126901299015,4483.255265941845,-0.2961679116608422,0.025020155218223435,0.38667913255592345,727
SPXUSD,2023-07-21,2,bearish,S2_NY: 5m retrace + 1m BOS,2023-07-21 15:00:00+00:00,4541.021,4555.287,4526.754999999999,,,none,0.0,10031.644736842107,11765.225994103275,1733.5812572611685,0.17281126901299015,4483.255265941845,-0.2961679116608422,0.025020155218223435,0.38667913255592345,727
SPXUSD,2023-07-24,1,bearish,S1_NY: 5m retrace + 1m BOS,2023-07-24 14:12:00+00:00,4546.024,4546.577,4544.237,4532.894,4531.17,stop,-1.0,10031.644736842107,11765.225994103275,1733.5812572611685,0.17281126901299015,4483.255265941845,-0.2961679116608422,0.025020155218223435,0.38667913255592345,727
SPXUSD,2023-07-26,1,bullish,S1_NY: 5m retrace + 1m BOS,2023-07-26 14:19:00+00:00,4557.547,4557.231,4564.402,4572.987,4578.149,stop,-1.0,10031.644736842107,11765.225994103275,1733.5812572611685,0.17281126901299015,4483.255265941845,-0.2961679116608422,0.025020155218223435,0.38667913255592345,727
SPXUSD,2023-07-26,2,bullish,S2_NY: 5m retrace + 1m BOS,2023-07-26 14:19:00+00:00,4557.547,4557.231,4564.402,4572.987,4578.149,stop,-1.0,10031.644736842107,11765.225994103275,1733.5812572611685,0.17281126901299015,4483.255265941845,-0.2961679116608422,0.025020155218223435,0.38667913255592345,727
SPXUSD,2023-07-27,1,bearish,S1_NY: 5m retrace + 1m BOS,2023-07-27 13:47:00+00:00,4604.973,4606.194,4597.406,4579.964,4566.621,tp1,16.071867321861266,10031.644736842107,11765.225994103275,1733.5812572611685,0.17281126901299015,4483.255265941845,-0.2961679116608422,0.025020155218223435,0.38667913255592345,727
SPXUSD,2023-07-27,2,bearish,S2_NY: 5m retrace + 1m BOS,2023-07-27 13:47:00+00:00,4604.973,4606.194,4597.406,4579.964,4566.621,tp1,16.071867321861266,10031.644736842107,11765.225994103275,1733.5812572611685,0.17281126901299015,4483.255265941845,-0.2961679116608422,0.025020155218223435,0.38667913255592345,727
SPXUSD,2023-07-27,3,bearish,S3_NY: 5m retrace + 1m BOS,2023-07-27 13:47:00+00:00,4604.973,4606.194,4601.992,4579.964,4566.621,tp1,14.193898443892994,10031.644736842107,11765.225994103275,1733.5812572611685,0.17281126901299015,4483.255265941845,-0.2961679116608422,0.025020155218223435,0.38667913255592345,727
SPXUSD,2023-07-28,1,bearish,S1_NY: 5m retrace + 1m BOS,2023-07-28 14:25:00+00:00,4568.417,4571.092,4552.89,4547.861,4532.132,stop,-1.0,10031.644736842107,11765.225994103275,1733.5812572611685,0.17281126901299015,4483.255265941845,-0.2961679116608422,0.025020155218223435,0.38667913255592345,727
SPXUSD,2023-08-01,3,bullish,S3_NY: 5m retrace + 1m BOS,2023-08-01 13:53:00+00:00,4569.492,4569.287,4572.203,4590.6,4596.654,stop,-1.0,10031.644736842107,11765.225994103275,1733.5812572611685,0.17281126901299015,4483.255265941845,-0.2961679116608422,0.025020155218223435,0.38667913255592345,727
SPXUSD,2023-08-02,1,bullish,S1_NY: 5m retrace + 1m BOS,2023-08-02 13:45:00+00:00,4548.277,4546.727,4560.082,,,stop,-1.0,10031.644736842107,11765.225994103275,1733.5812572611685,0.17281126901299015,4483.255265941845,-0.2961679116608422,0.025020155218223435,0.38667913255592345,727
SPXUSD,2023-08-02,2,bullish,S2_NY: 5m retrace + 1m BOS,2023-08-02 13:45:00+00:00,4548.277,4546.727,4560.082,,,stop,-1.0,10031.644736842107,11765.225994103275,1733.5812572611685,0.17281126901299015,4483.255265941845,-0.2961679116608422,0.025020155218223435,0.38667913255592345,727
SPXUSD,2023-08-04,2,bullish,S2_NY: 5m retrace + 1m BOS,2023-08-04 13:40:00+00:00,4504.557,4494.051,4515.922,4526.207,,tp1,1.0560632019798835,10031.644736842107,11765.225994103275,1733.5812572611685,0.17281126901299015,4483.255265941845,-0.2961679116608422,0.025020155218223435,0.38667913255592345,727
SPXUSD,2023-08-07,2,bearish,S2_NY: 5m retrace + 1m BOS,2023-08-07 14:15:00+00:00,4498.864,4499.367,4485.611,,,stop,-1.0,10031.644736842107,11765.225994103275,1733.5812572611685,0.17281126901299015,4483.255265941845,-0.2961679116608422,0.025020155218223435,0.38667913255592345,727
SPXUSD,2023-08-10,1,bearish,S1_NY: 5m retrace + 1m BOS,2023-08-10 13:40:00+00:00,4484.164,4497.904,4470.423999999999,,,stop,-1.0,10031.644736842107,11765.225994103275,1733.5812572611685,0.17281126901299015,4483.255265941845,-0.2961679116608422,0.025020155218223435,0.38667913255592345,727
SPXUSD,2023-08-15,1,bullish,S1_NY: 5m retrace + 1m BOS,2023-08-15 13:56:00+00:00,4460.37,4458.623,4465.12,4499.562,4500.977,stop,-1.0,10031.644736842107,11765.225994103275,1733.5812572611685,0.17281126901299015,4483.255265941845,-0.2961679116608422,0.025020155218223435,0.38667913255592345,727
SPXUSD,2023-08-15,2,bullish,S2_NY: 5m retrace + 1m BOS,2023-08-15 13:56:00+00:00,4460.37,4458.623,4465.12,4499.562,4500.977,stop,-1.0,10031.644736842107,11765.225994103275,1733.5812572611685,0.17281126901299015,4483.255265941845,-0.2961679116608422,0.025020155218223435,0.38667913255592345,727
SPXUSD,2023-08-15,3,bullish,S3_NY: 5m retrace + 1m BOS,2023-08-15 13:56:00+00:00,4460.37,4458.623,4465.12,4499.562,4500.977,stop,-1.0,10031.644736842107,11765.225994103275,1733.5812572611685,0.17281126901299015,4483.255265941845,-0.2961679116608422,0.025020155218223435,0.38667913255592345,727
SPXUSD,2023-08-22,1,bearish,S1_NY: 5m retrace + 1m BOS,2023-08-22 13:40:00+00:00,4423.019,4425.753,4420.285000000001,4394.977,4389.722,tp1,6.108906364302557,10031.644736842107,11765.225994103275,1733.5812572611685,0.17281126901299015,4483.255265941845,-0.2961679116608422,0.025020155218223435,0.38667913255592345,727
SPXUSD,2023-08-25,2,bearish,S2_NY: 5m retrace + 1m BOS,2023-08-25 13:50:00+00:00,4394.611,4395.927,4391.427,4369.223,,tp1,1.209726443769252,10031.644736842107,11765.225994103275,1733.5812572611685,0.17281126901299015,4483.255265941845,-0.2961679116608422,0.025020155218223435,0.38667913255592345,727
SPXUSD,2023-08-25,3,bearish,S3_NY: 5m retrace + 1m BOS,2023-08-25 13:50:00+00:00,4394.611,4395.927,4391.611,4369.223,,tp1,1.1398176291795015,10031.644736842107,11765.225994103275,1733.5812572611685,0.17281126901299015,4483.255265941845,-0.2961679116608422,0.025020155218223435,0.38667913255592345,727
SPXUSD,2023-08-28,1,bearish,S1_NY: 5m retrace + 1m BOS,2023-08-28 13:51:00+00:00,4422.911,4425.477,4422.667,4406.914,4405.679,tp1,0.04754481683548437,10031.644736842107,11765.225994103275,1733.5812572611685,0.17281126901299015,4483.255265941845,-0.2961679116608422,0.025020155218223435,0.38667913255592345,727
SPXUSD,2023-08-29,3,bullish,S3_NY: 5m retrace + 1m BOS,2023-08-29 14:06:00+00:00,4429.992,4428.727,4431.966,4445.253,,stop,-1.0,10031.644736842107,11765.225994103275,1733.5812572611685,0.17281126901299015,4483.255265941845,-0.2961679116608422,0.025020155218223435,0.38667913255592345,727
SPXUSD,2023-09-01,2,bearish,S2_NY: 5m retrace + 1m BOS,2023-09-01 13:51:00+00:00,4532.402,4538.142,4521.551,4506.311,,stop,-1.0,10031.644736842107,11765.225994103275,1733.5812572611685,0.17281126901299015,4483.255265941845,-0.2961679116608422,0.025020155218223435,0.38667913255592345,727
SPXUSD,2023-09-06,1,bullish,S1_NY: 5m retrace + 1m BOS,2023-09-06 13:46:00+00:00,4484.962,4482.95,4487.669,4494.687,4497.619,tp1,0.6727137176934849,10031.644736842107,11765.225994103275,1733.5812572611685,0.17281126901299015,4483.255265941845,-0.2961679116608422,0.025020155218223435,0.38667913255592345,727
SPXUSD,2023-09-06,2,bullish,S2_NY: 5m retrace + 1m BOS,2023-09-06 13:46:00+00:00,4484.962,4482.95,4487.669,4494.687,4497.619,tp1,0.6727137176934849,10031.644736842107,11765.225994103275,1733.5812572611685,0.17281126901299015,4483.255265941845,-0.2961679116608422,0.025020155218223435,0.38667913255592345,727
SPXUSD,2023-09-06,3,bullish,S3_NY: 5m retrace + 1m BOS,2023-09-06 13:46:00+00:00,4484.962,4482.95,4486.974000000001,4494.687,4497.619,tp1,0.5,10031.644736842107,11765.225994103275,1733.5812572611685,0.17281126901299015,4483.255265941845,-0.2961679116608422,0.025020155218223435,0.38667913255592345,727
SPXUSD,2023-09-07,1,bullish,S1_NY: 5m retrace + 1m BOS,2023-09-07 14:02:00+00:00,4432.766,4429.5,4445.584,4458.602,4465.464,stop,-1.0,10031.644736842107,11765.225994103275,1733.5812572611685,0.17281126901299015,4483.255265941845,-0.2961679116608422,0.025020155218223435,0.38667913255592345,727
SPXUSD,2023-09-07,2,bullish,S2_NY: 5m retrace + 1m BOS,2023-09-07 14:02:00+00:00,4432.766,4429.5,4445.584,4458.602,4465.464,stop,-1.0,10031.644736842107,11765.225994103275,1733.5812572611685,0.17281126901299015,4483.255265941845,-0.2961679116608422,0.025020155218223435,0.38667913255592345,727
SPXUSD,2023-09-07,3,bullish,S3_NY: 5m retrace + 1m BOS,2023-09-07 14:02:00+00:00,4432.766,4429.5,4437.739,4458.602,4465.464,stop,-1.0,10031.644736842107,11765.225994103275,1733.5812572611685,0.17281126901299015,4483.255265941845,-0.2961679116608422,0.025020155218223435,0.38667913255592345,727
SPXUSD,2023-09-11,3,bearish,S3_NY: 5m retrace + 1m BOS,2023-09-11 13:47:00+00:00,4481.123,4481.626,4479.617,4469.47,4456.864,stop,-1.0,10031.644736842107,11765.225994103275,1733.5812572611685,0.17281126901299015,4483.255265941845,-0.2961679116608422,0.025020155218223435,0.38667913255592345,727
SPXUSD,2023-09-13,2,bullish,S2_NY: 5m retrace + 1m BOS,2023-09-13 14:02:00+00:00,4463.914,4463.444,4468.187,,,stop,-1.0,10031.644736842107,11765.225994103275,1733.5812572611685,0.17281126901299015,4483.255265941845,-0.2961679116608422,0.025020155218223435,0.38667913255592345,727
SPXUSD,2023-09-15,1,bullish,S1_NY: 5m retrace + 1m BOS,2023-09-15 14:06:00+00:00,4500.566,4497.316,4507.947,4515.347,4516.381,stop,-1.0,10031.644736842107,11765.225994103275,1733.5812572611685,0.17281126901299015,4483.255265941845,-0.2961679116608422,0.025020155218223435,0.38667913255592345,727
SPXUSD,2023-09-15,2,bullish,S2_NY: 5m retrace + 1m BOS,2023-09-15 14:06:00+00:00,4500.566,4497.316,4507.947,4515.347,4516.381,stop,-1.0,10031.644736842107,11765.225994103275,1733.5812572611685,0.17281126901299015,4483.255265941845,-0.2961679116608422,0.025020155218223435,0.38667913255592345,727
SPXUSD,2023-09-21,2,bullish,S2_NY: 5m retrace + 1m BOS,2023-09-21 13:53:00+00:00,4363.084,4361.104,4367.027,4394.177,4401.547,tp1,0.9957070707073435,10031.644736842107,11765.225994103275,1733.5812572611685,0.17281126901299015,4483.255265941845,-0.2961679116608422,0.025020155218223435,0.38667913255592345,727
SPXUSD,2023-09-26,1,bullish,S1_NY: 5m retrace + 1m BOS,2023-09-26 13:52:00+00:00,4313.477,4311.984,4325.781,,,stop,-1.0,10031.644736842107,11765.225994103275,1733.5812572611685,0.17281126901299015,4483.255265941845,-0.2961679116608422,0.025020155218223435,0.38667913255592345,727
SPXUSD,2023-09-26,2,bullish,S2_NY: 5m retrace + 1m BOS,2023-09-26 13:52:00+00:00,4313.477,4311.984,4325.781,,,stop,-1.0,10031.644736842107,11765.225994103275,1733.5812572611685,0.17281126901299015,4483.255265941845,-0.2961679116608422,0.025020155218223435,0.38667913255592345,727
SPXUSD,2023-09-26,3,bullish,S3_NY: 5m retrace + 1m BOS,2023-09-26 13:52:00+00:00,4313.477,4311.984,4316.422,4325.781,4339.36,stop,-1.0,10031.644736842107,11765.225994103275,1733.5812572611685,0.17281126901299015,4483.255265941845,-0.2961679116608422,0.025020155218223435,0.38667913255592345,727
SPXUSD,2023-09-27,1,bearish,S1_NY: 5m retrace + 1m BOS,2023-09-27 13:46:00+00:00,4290.287,4291.199,4284.561,,,stop,-1.0,10031.644736842107,11765.225994103275,1733.5812572611685,0.17281126901299015,4483.255265941845,-0.2961679116608422,0.025020155218223435,0.38667913255592345,727
SPXUSD,2023-10-03,1,bullish,S1_NY: 5m retrace + 1m BOS,2023-10-03 13:56:00+00:00,4259.59,4258.591,4269.699,4299.252,,stop,-1.0,10031.644736842107,11765.225994103275,1733.5812572611685,0.17281126901299015,4483.255265941845,-0.2961679116608422,0.025020155218223435,0.38667913255592345,727
SPXUSD,2023-10-03,2,bullish,S2_NY: 5m retrace + 1m BOS,2023-10-03 13:56:00+00:00,4259.59,4258.591,4269.699,4299.252,,stop,-1.0,10031.644736842107,11765.225994103275,1733.5812572611685,0.17281126901299015,4483.255265941845,-0.2961679116608422,0.025020155218223435,0.38667913255592345,727
SPXUSD,2023-10-06,3,bearish,S3_NY: 5m retrace + 1m BOS,2023-10-06 13:50:00+00:00,4215.11,4225.861,4204.359,,,stop,-1.0,10031.644736842107,11765.225994103275,1733.5812572611685,0.17281126901299015,4483.255265941845,-0.2961679116608422,0.025020155218223435,0.38667913255592345,727
SPXUSD,2023-10-11,2,bearish,S2_NY: 5m retrace + 1m BOS,2023-10-11 13:46:00+00:00,4366.797,4368.293,4361.862,4355.584,,stop,-1.0,10031.644736842107,11765.225994103275,1733.5812572611685,0.17281126901299015,4483.255265941845,-0.2961679116608422,0.025020155218223435,0.38667913255592345,727
SPXUSD,2023-10-12,1,bearish,S1_NY: 5m retrace + 1m BOS,2023-10-12 13:56:00+00:00,4384.247,4389.687,4375.926,,,tp1,0.7647977941176953,10031.644736842107,11765.225994103275,1733.5812572611685,0.17281126901299015,4483.255265941845,-0.2961679116608422,0.025020155218223435,0.38667913255592345,727
SPXUSD,2023-10-12,2,bearish,S2_NY: 5m retrace + 1m BOS,2023-10-12 13:56:00+00:00,4384.247,4389.687,4375.926,,,tp1,0.7647977941176953,10031.644736842107,11765.225994103275,1733.5812572611685,0.17281126901299015,4483.255265941845,-0.2961679116608422,0.025020155218223435,0.38667913255592345,727
SPXUSD,2023-10-12,3,bearish,S3_NY: 5m retrace + 1m BOS,2023-10-12 13:56:00+00:00,4384.247,4389.687,4375.926,,,tp1,0.7647977941176953,10031.644736842107,11765.225994103275,1733.5812572611685,0.17281126901299015,4483.255265941845,-0.2961679116608422,0.025020155218223435,0.38667913255592345,727
SPXUSD,2023-10-18,2,bullish,S2_NY: 5m retrace + 1m BOS,2023-10-18 14:05:00+00:00,4355.146,4349.696,4360.633,4370.157,4370.349,stop,-1.0,10031.644736842107,11765.225994103275,1733.5812572611685,0.17281126901299015,4483.255265941845,-0.2961679116608422,0.025020155218223435,0.38667913255592345,727
SPXUSD,2023-10-19,1,bearish,S1_NY: 5m retrace + 1m BOS,2023-10-19 14:06:00+00:00,4321.673,4323.177,4297.907,4293.514,,stop,-1.0,10031.644736842107,11765.225994103275,1733.5812572611685,0.17281126901299015,4483.255265941845,-0.2961679116608422,0.025020155218223435,0.38667913255592345,727
SPXUSD,2023-10-20,3,bullish,S3_NY: 5m retrace + 1m BOS,2023-10-20 14:00:00+00:00,4264.089,4262.081,4265.826,4278.947,,tp1,0.4325199203187858,10031.644736842107,11765.225994103275,1733.5812572611685,0.17281126901299015,4483.255265941845,-0.2961679116608422,0.025020155218223435,0.38667913255592345,727
SPXUSD,2023-10-24,3,bearish,S3_NY: 5m retrace + 1m BOS,2023-10-24 13:42:00+00:00,4241.867,4244.033,4240.311,4222.621,4218.106,tp1,0.3591874422900218,10031.644736842107,11765.225994103275,1733.5812572611685,0.17281126901299015,4483.255265941845,-0.2961679116608422,0.025020155218223435,0.38667913255592345,727
SPXUSD,2023-11-01,1,bearish,S1_NY: 5m retrace + 1m BOS,2023-11-01 14:47:00+00:00,4224.522,4227.249,4221.201,4172.284,,stop,-1.0,10031.644736842107,11765.225994103275,1733.5812572611685,0.17281126901299015,4483.255265941845,-0.2961679116608422,0.025020155218223435,0.38667913255592345,727
SPXUSD,2023-11-02,2,bearish,S2_NY: 5m retrace + 1m BOS,2023-11-02 15:00:00+00:00,4301.88,4303.927,4292.261,4247.02,4242.807,stop,-1.0,10031.644736842107,11765.225994103275,1733.5812572611685,0.17281126901299015,4483.255265941845,-0.2961679116608422,0.025020155218223435,0.38667913255592345,727
SPXUSD,2023-11-02,3,bearish,S3_NY: 5m retrace + 1m BOS,2023-11-02 15:00:00+00:00,4301.88,4303.927,4292.964,4247.02,4242.807,stop,-1.0,10031.644736842107,11765.225994103275,1733.5812572611685,0.17281126901299015,4483.255265941845,-0.2961679116608422,0.025020155218223435,0.38667913255592345,727
SPXUSD,2023-11-03,2,bearish,S2_NY: 5m retrace + 1m BOS,2023-11-03 14:41:00+00:00,4348.767,4351.297,4343.804,4308.602,,stop,-1.0,10031.644736842107,11765.225994103275,1733.5812572611685,0.17281126901299015,4483.255265941845,-0.2961679116608422,0.025020155218223435,0.38667913255592345,727
SPXUSD,2023-11-06,2,bearish,S2_NY: 5m retrace + 1m BOS,2023-11-06 14:47:00+00:00,4362.867,4369.177,4362.177,4361.361,4356.617,tp1,0.11434231378770066,10031.644736842107,11765.225994103275,1733.5812572611685,0.17281126901299015,4483.255265941845,-0.2961679116608422,0.025020155218223435,0.38667913255592345,727
SPXUSD,2023-11-08,1,bearish,S1_NY: 5m retrace + 1m BOS,2023-11-08 14:57:00+00:00,4388.043,4389.392,4383.901,4370.984,4370.701,tp1,7.910489251296056,10031.644736842107,11765.225994103275,1733.5812572611685,0.17281126901299015,4483.255265941845,-0.2961679116608422,0.025020155218223435,0.38667913255592345,727
SPXUSD,2023-11-08,3,bearish,S3_NY: 5m retrace + 1m BOS,2023-11-08 14:57:00+00:00,4388.043,4389.392,4383.901,4370.984,4370.701,tp1,7.910489251296056,10031.644736842107,11765.225994103275,1733.5812572611685,0.17281126901299015,4483.255265941845,-0.2961679116608422,0.025020155218223435,0.38667913255592345,727
SPXUSD,2023-11-15,2,bearish,S2_NY: 5m retrace + 1m BOS,2023-11-15 14:41:00+00:00,4506.474,4514.592,4502.943,,,tp1,0.21747967479675867,10031.644736842107,11765.225994103275,1733.5812572611685,0.17281126901299015,4483.255265941845,-0.2961679116608422,0.025020155218223435,0.38667913255592345,727
SPXUSD,2023-11-16,2,bearish,S2_NY: 5m retrace + 1m BOS,2023-11-16 15:03:00+00:00,4506.632,4509.999,4494.361,4492.499,4490.591,stop,-1.0,10031.644736842107,11765.225994103275,1733.5812572611685,0.17281126901299015,4483.255265941845,-0.2961679116608422,0.025020155218223435,0.38667913255592345,727
SPXUSD,2023-11-16,3,bearish,S3_NY: 5m retrace + 1m BOS,2023-11-16 15:03:00+00:00,4506.632,4509.999,4505.731,4492.499,4490.591,tp1,0.13379863379860252,10031.644736842107,11765.225994103275,1733.5812572611685,0.17281126901299015,4483.255265941845,-0.2961679116608422,0.025020155218223435,0.38667913255592345,727
SPXUSD,2023-11-22,2,bearish,S2_NY: 5m retrace + 1m BOS,2023-11-22 14:46:00+00:00,4564.361,4567.677,4551.632,4536.17,4532.491,tp1,1.91933051869738,10031.644736842107,11765.225994103275,1733.5812572611685,0.17281126901299015,4483.255265941845,-0.2961679116608422,0.025020155218223435,0.38667913255592345,727
SPXUSD,2023-11-28,2,bullish,S2_NY: 5m retrace + 1m BOS,2023-11-28 14:58:00+00:00,4541.563,4540.816,4547.472,4551.107,4555.037,stop,-1.0,10031.644736842107,11765.225994103275,1733.5812572611685,0.17281126901299015,4483.255265941845,-0.2961679116608422,0.025020155218223435,0.38667913255592345,727
SPXUSD,2023-11-29,2,bearish,S2_NY: 5m retrace + 1m BOS,2023-11-29 14:50:00+00:00,4582.551,4583.3,4573.789,4558.124,4554.251,stop,-1.0,10031.644736842107,11765.225994103275,1733.5812572611685,0.17281126901299015,4483.255265941845,-0.2961679116608422,0.025020155218223435,0.38667913255592345,727
SPXUSD,2023-11-30,3,bearish,S3_NY: 5m retrace + 1m BOS,2023-11-30 14:45:00+00:00,4545.927,4551.87,4545.611,,,tp1,0.02658589937740134,10031.644736842107,11765.225994103275,1733.5812572611685,0.17281126901299015,4483.255265941845,-0.2961679116608422,0.025020155218223435,0.38667913255592345,727
SPXUSD,2023-12-05,1,bullish,S1_NY: 5m retrace + 1m BOS,2023-12-05 14:43:00+00:00,4555.01,4551.731,4557.48,4562.067,4562.957,tp1,1.5205855443729683,10031.644736842107,11765.225994103275,1733.5812572611685,0.17281126901299015,4483.255265941845,-0.2961679116608422,0.025020155218223435,0.38667913255592345,727
SPXUSD,2023-12-05,2,bullish,S2_NY: 5m retrace + 1m BOS,2023-12-05 14:43:00+00:00,4555.01,4551.731,4557.48,4562.067,4562.957,tp1,1.5205855443729683,10031.644736842107,11765.225994103275,1733.5812572611685,0.17281126901299015,4483.255265941845,-0.2961679116608422,0.025020155218223435,0.38667913255592345,727
SPXUSD,2023-12-07,1,bearish,S1_NY: 5m retrace + 1m BOS,2023-12-07 14:42:00+00:00,4569.177,4573.132,4567.62,4542.867,,tp1,0.19683944374207554,10031.644736842107,11765.225994103275,1733.5812572611685,0.17281126901299015,4483.255265941845,-0.2961679116608422,0.025020155218223435,0.38667913255592345,727
SPXUSD,2023-12-19,1,bearish,S1_NY: 5m retrace + 1m BOS,2023-12-19 14:59:00+00:00,4754.289,4754.82,4744.521,4740.551,4735.144,stop,-1.0,10031.644736842107,11765.225994103275,1733.5812572611685,0.17281126901299015,4483.255265941845,-0.2961679116608422,0.025020155218223435,0.38667913255592345,727
SPXUSD,2023-12-21,2,bearish,S2_NY: 5m retrace + 1m BOS,2023-12-21 14:55:00+00:00,4734.876,4739.177,4729.864,4719.114,4705.181,tp1,0.5826551964660819,10031.644736842107,11765.225994103275,1733.5812572611685,0.17281126901299015,4483.255265941845,-0.2961679116608422,0.025020155218223435,0.38667913255592345,727
SPXUSD,2023-12-22,2,bearish,S2_NY: 5m retrace + 1m BOS,2023-12-22 15:01:00+00:00,4765.676,4772.667,4757.683,4738.754,4737.187,tp1,0.5716635674438857,10031.644736842107,11765.225994103275,1733.5812572611685,0.17281126901299015,4483.255265941845,-0.2961679116608422,0.025020155218223435,0.38667913255592345,727
SPXUSD,2023-12-27,3,bullish,S3_NY: 5m retrace + 1m BOS,2023-12-27 14:50:00+00:00,4778.579,4776.8,4779.017,4779.879,4780.166,tp1,0.3057897695335787,10031.644736842107,11765.225994103275,1733.5812572611685,0.17281126901299015,4483.255265941845,-0.2961679116608422,0.025020155218223435,0.38667913255592345,727
SPXUSD,2023-12-28,1,bullish,S1_NY: 5m retrace + 1m BOS,2023-12-28 14:46:00+00:00,4788.867,4786.126,4791.873,4792.882,4795.867,stop,-1.0,10031.644736842107,11765.225994103275,1733.5812572611685,0.17281126901299015,4483.255265941845,-0.2961679116608422,0.025020155218223435,0.38667913255592345,727
SPXUSD,2024-01-02,2,bullish,S2_NY: 5m retrace + 1m BOS,2024-01-02 14:46:00+00:00,4735.382,4735.12,4744.114,4782.177,,stop,-1.0,10031.644736842107,11765.225994103275,1733.5812572611685,0.17281126901299015,4483.255265941845,-0.2961679116608422,0.025020155218223435,0.38667913255592345,727
SPXUSD,2024-01-03,2,bullish,S2_NY: 5m retrace + 1m BOS,2024-01-03 14:51:00+00:00,4721.602,4718.869,4722.602,4745.843,4745.882,stop,-1.0,10031.644736842107,11765.225994103275,1733.5812572611685,0.17281126901299015,4483.255265941845,-0.2961679116608422,0.025020155218223435,0.38667913255592345,727
SPXUSD,2024-01-03,3,bullish,S3_NY: 5m retrace + 1m BOS,2024-01-03 14:51:00+00:00,4721.602,4718.869,4722.302,4745.843,4745.882,stop,-1.0,10031.644736842107,11765.225994103275,1733.5812572611685,0.17281126901299015,4483.255265941845,-0.2961679116608422,0.025020155218223435,0.38667913255592345,727
SPXUSD,2024-01-04,3,bullish,S3_NY: 5m retrace + 1m BOS,2024-01-04 14:50:00+00:00,4704.626,4700.611,4708.427,4716.876,,tp1,0.47334993773339556,10031.644736842107,11765.225994103275,1733.5812572611685,0.17281126901299015,4483.255265941845,-0.2961679116608422,0.025020155218223435,0.38667913255592345,727
SPXUSD,2024-01-08,3,bullish,S3_NY: 5m retrace + 1m BOS,2024-01-08 14:45:00+00:00,4707.861,4701.873,4709.379,,,tp1,0.1267535070140245,10031.644736842107,11765.225994103275,1733.5812572611685,0.17281126901299015,4483.255265941845,-0.2961679116608422,0.025020155218223435,0.38667913255592345,727
SPXUSD,2024-01-10,3,bearish,S3_NY: 5m retrace + 1m BOS,2024-01-10 14:45:00+00:00,4767.609,4769.763,4762.601,4750.239,4748.267,tp1,1.16248839368658,10031.644736842107,11765.225994103275,1733.5812572611685,0.17281126901299015,4483.255265941845,-0.2961679116608422,0.025020155218223435,0.38667913255592345,727
SPXUSD,2024-01-12,2,bearish,S2_NY: 5m retrace + 1m BOS,2024-01-12 14:49:00+00:00,4797.092,4801.57,4793.731,4758.024,,tp1,0.3752791424742996,10031.644736842107,11765.225994103275,1733.5812572611685,0.17281126901299015,4483.255265941845,-0.2961679116608422,0.025020155218223435,0.38667913255592345,727
SPXUSD,2024-01-16,3,bullish,S3_NY: 5m retrace + 1m BOS,2024-01-16 14:55:00+00:00,4756.629,4750.367,4762.476,4771.277,4774.343,tp1,1.758862983072564,10031.644736842107,11765.225994103275,1733.5812572611685,0.17281126901299015,4483.255265941845,-0.2961679116608422,0.025020155218223435,0.38667913255592345,727
SPXUSD,2024-01-17,3,bullish,S3_NY: 5m retrace + 1m BOS,2024-01-17 14:58:00+00:00,4726.757,4724.992,4732.426,4752.817,4767.469,stop,-1.0,10031.644736842107,11765.225994103275,1733.5812572611685,0.17281126901299015,4483.255265941845,-0.2961679116608422,0.025020155218223435,0.38667913255592345,727
SPXUSD,2024-01-22,1,bearish,S1_NY: 5m retrace + 1m BOS,2024-01-22 14:49:00+00:00,4862.361,4863.734,4852.12,4847.861,4842.614,stop,-1.0,10031.644736842107,11765.225994103275,1733.5812572611685,0.17281126901299015,4483.255265941845,-0.2961679116608422,0.025020155218223435,0.38667913255592345,727
SPXUSD,2024-01-25,1,bearish,S1_NY: 5m retrace + 1m BOS,2024-01-25 14:56:00+00:00,4888.114,4890.861,4883.111,4868.623,4865.611,stop,-1.0,10031.644736842107,11765.225994103275,1733.5812572611685,0.17281126901299015,4483.255265941845,-0.2961679116608422,0.025020155218223435,0.38667913255592345,727
SPXUSD,2024-01-31,1,bullish,S1_NY: 5m retrace + 1m BOS,2024-01-31 15:16:00+00:00,4890.297,4887.301,4905.467,4912.653,,stop,-1.0,10031.644736842107,11765.225994103275,1733.5812572611685,0.17281126901299015,4483.255265941845,-0.2961679116608422,0.025020155218223435,0.38667913255592345,727
SPXUSD,2024-02-01,2,bearish,S2_NY: 5m retrace + 1m BOS,2024-02-01 14:53:00+00:00,4865.132,4871.123,4858.064,4856.811,4851.073,tp1,0.9371140043397834,10031.644736842107,11765.225994103275,1733.5812572611685,0.17281126901299015,4483.255265941845,-0.2961679116608422,0.025020155218223435,0.38667913255592345,727
SPXUSD,2024-02-02,1,bullish,S1_NY: 5m retrace + 1m BOS,2024-02-02 14:55:00+00:00,4918.047,4913.049,4923.849,4941.852,,tp1,1.771158463385572,10031.644736842107,11765.225994103275,1733.5812572611685,0.17281126901299015,4483.255265941845,-0.2961679116608422,0.025020155218223435,0.38667913255592345,727
SPXUSD,2024-02-05,2,bullish,S2_NY: 5m retrace + 1m BOS,2024-02-05 14:55:00+00:00,4947.629,4945.361,4951.379,4953.879,4957.382,stop,-1.0,10031.644736842107,11765.225994103275,1733.5812572611685,0.17281126901299015,4483.255265941845,-0.2961679116608422,0.025020155218223435,0.38667913255592345,727
SPXUSD,2024-02-06,1,bearish,S1_NY: 5m retrace + 1m BOS,2024-02-06 14:47:00+00:00,4955.003,4955.73,4947.176,4934.182,,stop,-1.0,10031.644736842107,11765.225994103275,1733.5812572611685,0.17281126901299015,4483.255265941845,-0.2961679116608422,0.025020155218223435,0.38667913255592345,727
SPXUSD,2024-02-07,1,bearish,S1_NY: 5m retrace + 1m BOS,2024-02-07 15:03:00+00:00,4971.584,4973.531,4968.312,4949.894,,stop,-1.0,10031.644736842107,11765.225994103275,1733.5812572611685,0.17281126901299015,4483.255265941845,-0.2961679116608422,0.025020155218223435,0.38667913255592345,727
SPXUSD,2024-02-07,2,bearish,S2_NY: 5m retrace + 1m BOS,2024-02-07 15:03:00+00:00,4971.584,4973.531,4968.312,4949.894,,stop,-1.0,10031.644736842107,11765.225994103275,1733.5812572611685,0.17281126901299015,4483.255265941845,-0.2961679116608422,0.025020155218223435,0.38667913255592345,727
SPXUSD,2024-02-13,1,bullish,S1_NY: 5m retrace + 1m BOS,2024-02-13 15:10:00+00:00,4948.599,4947.086,4964.447,5022.226,,stop,-1.0,10031.644736842107,11765.225994103275,1733.5812572611685,0.17281126901299015,4483.255265941845,-0.2961679116608422,0.025020155218223435,0.38667913255592345,727
SPXUSD,2024-02-13,2,bullish,S2_NY: 5m retrace + 1m BOS,2024-02-13 15:10:00+00:00,4948.599,4947.086,4964.447,5022.226,,stop,-1.0,10031.644736842107,11765.225994103275,1733.5812572611685,0.17281126901299015,4483.255265941845,-0.2961679116608422,0.025020155218223435,0.38667913255592345,727
SPXUSD,2024-02-13,3,bullish,S3_NY: 5m retrace + 1m BOS,2024-02-13 15:10:00+00:00,4948.599,4947.086,4964.447,5022.226,,stop,-1.0,10031.644736842107,11765.225994103275,1733.5812572611685,0.17281126901299015,4483.255265941845,-0.2961679116608422,0.025020155218223435,0.38667913255592345,727
SPXUSD,2024-02-14,2,bearish,S2_NY: 5m retrace + 1m BOS,2024-02-14 14:49:00+00:00,4977.734,4979.327,4969.244,4961.577,4951.003,stop,-1.0,10031.644736842107,11765.225994103275,1733.5812572611685,0.17281126901299015,4483.255265941845,-0.2961679116608422,0.025020155218223435,0.38667913255592345,727
SPXUSD,2024-02-14,3,bearish,S3_NY: 5m retrace + 1m BOS,2024-02-14 14:49:00+00:00,4977.734,4979.327,4969.244,4961.577,4951.003,stop,-1.0,10031.644736842107,11765.225994103275,1733.5812572611685,0.17281126901299015,4483.255265941845,-0.2961679116608422,0.025020155218223435,0.38667913255592345,727
SPXUSD,2024-02-15,1,bearish,S1_NY: 5m retrace + 1m BOS,2024-02-15 14:48:00+00:00,5011.249,5011.382,5001.117,,,stop,-1.0,10031.644736842107,11765.225994103275,1733.5812572611685,0.17281126901299015,4483.255265941845,-0.2961679116608422,0.025020155218223435,0.38667913255592345,727
SPXUSD,2024-02-16,2,bullish,S2_NY: 5m retrace + 1m BOS,2024-02-16 14:56:00+00:00,5007.437,5006.237,5028.832,5042.91,,stop,-1.0,10031.644736842107,11765.225994103275,1733.5812572611685,0.17281126901299015,4483.255265941845,-0.2961679116608422,0.025020155218223435,0.38667913255592345,727
SPXUSD,2024-02-21,1,bullish,S1_NY: 5m retrace + 1m BOS,2024-02-21 14:45:00+00:00,4961.944,4960.491,4966.207,4972.554,4975.772,stop,-1.0,10031.644736842107,11765.225994103275,1733.5812572611685,0.17281126901299015,4483.255265941845,-0.2961679116608422,0.025020155218223435,0.38667913255592345,727
SPXUSD,2024-02-23,2,bearish,S2_NY: 5m retrace + 1m BOS,2024-02-23 14:49:00+00:00,5107.091,5110.502,5100.521,5079.929,5079.86,stop,-1.0,10031.644736842107,11765.225994103275,1733.5812572611685,0.17281126901299015,4483.255265941845,-0.2961679116608422,0.025020155218223435,0.38667913255592345,727
SPXUSD,2024-02-23,3,bearish,S3_NY: 5m retrace + 1m BOS,2024-02-23 14:49:00+00:00,5107.091,5110.502,5105.016,5079.929,5079.86,tp1,0.3041630020522856,10031.644736842107,11765.225994103275,1733.5812572611685,0.17281126901299015,4483.255265941845,-0.2961679116608422,0.025020155218223435,0.38667913255592345,727
SPXUSD,2024-02-26,1,bearish,S1_NY: 5m retrace + 1m BOS,2024-02-26 14:56:00+00:00,5091.626,5093.393,5086.331,5079.331,5077.1,stop,-1.0,10031.644736842107,11765.225994103275,1733.5812572611685,0.17281126901299015,4483.255265941845,-0.2961679116608422,0.025020155218223435,0.38667913255592345,727
SPXUSD,2024-02-29,3,bearish,S3_NY: 5m retrace + 1m BOS,2024-02-29 14:57:00+00:00,5092.464,5094.777,5090.476,5051.47,,stop,-1.0,10031.644736842107,11765.225994103275,1733.5812572611685,0.17281126901299015,4483.255265941845,-0.2961679116608422,0.025020155218223435,0.38667913255592345,727
SPXUSD,2024-03-05,1,bullish,S1_NY: 5m retrace + 1m BOS,2024-03-05 14:51:00+00:00,5104.312,5102.777,5110.302,5121.747,5126.447,stop,-1.0,10031.644736842107,11765.225994103275,1733.5812572611685,0.17281126901299015,4483.255265941845,-0.2961679116608422,0.025020155218223435,0.38667913255592345,727
SPXUSD,2024-03-07,1,bearish,S1_NY: 5m retrace + 1m BOS,2024-03-07 14:45:00+00:00,5131.293,5142.287,5120.298999999999,5081.79,,stop,-1.0,10031.644736842107,11765.225994103275,1733.5812572611685,0.17281126901299015,4483.255265941845,-0.2961679116608422,0.025020155218223435,0.38667913255592345,727
SPXUSD,2024-03-07,2,bearish,S2_NY: 5m retrace + 1m BOS,2024-03-07 14:45:00+00:00,5131.293,5142.287,5120.298999999999,5081.79,,stop,-1.0,10031.644736842107,11765.225994103275,1733.5812572611685,0.17281126901299015,4483.255265941845,-0.2961679116608422,0.025020155218223435,0.38667913255592345,727
SPXUSD,2024-03-08,3,bearish,S3_NY: 5m retrace + 1m BOS,2024-03-08 15:10:00+00:00,5184.763,5188.987,5176.952,5137.844,,tp1,0.9245975378787167,10031.644736842107,11765.225994103275,1733.5812572611685,0.17281126901299015,4483.255265941845,-0.2961679116608422,0.025020155218223435,0.38667913255592345,727
SPXUSD,2024-03-12,1,bearish,S1_NY: 5m retrace + 1m BOS,2024-03-12 15:04:00+00:00,5161.72,5170.657,5155.287,5111.217,,stop,-1.0,10031.644736842107,11765.225994103275,1733.5812572611685,0.17281126901299015,4483.255265941845,-0.2961679116608422,0.025020155218223435,0.38667913255592345,727
SPXUSD,2024-03-12,2,bearish,S2_NY: 5m retrace + 1m BOS,2024-03-12 15:04:00+00:00,5161.72,5170.657,5155.287,5111.217,,stop,-1.0,10031.644736842107,11765.225994103275,1733.5812572611685,0.17281126901299015,4483.255265941845,-0.2961679116608422,0.025020155218223435,0.38667913255592345,727
SPXUSD,2024-03-13,2,bullish,S2_NY: 5m retrace + 1m BOS,2024-03-13 14:42:00+00:00,5171.109,5167.564,5172.226,5180.707,5181.046,tp1,0.15754583921005033,10031.644736842107,11765.225994103275,1733.5812572611685,0.17281126901299015,4483.255265941845,-0.2961679116608422,0.025020155218223435,0.38667913255592345,727
SPXUSD,2024-03-21,1,bearish,S1_NY: 5m retrace + 1m BOS,2024-03-21 14:45:00+00:00,5257.717,5259.699,5247.273,5240.511,5237.511,stop,-1.0,10031.644736842107,11765.225994103275,1733.5812572611685,0.17281126901299015,4483.255265941845,-0.2961679116608422,0.025020155218223435,0.38667913255592345,727
SPXUSD,2024-03-27,1,bearish,S1_NY: 5m retrace + 1m BOS,2024-03-27 14:42:00+00:00,5219.611,5222.177,5217.111,5216.123,,stop,-1.0,10031.644736842107,11765.225994103275,1733.5812572611685,0.17281126901299015,4483.255265941845,-0.2961679116608422,0.025020155218223435,0.38667913255592345,727
SPXUSD,2024-04-02,1,bullish,S1_NY: 5m retrace + 1m BOS,2024-04-02 14:30:00+00:00,5203.087,5197.561,5222.574,5242.949,,stop,-1.0,10031.644736842107,11765.225994103275,1733.5812572611685,0.17281126901299015,4483.255265941845,-0.2961679116608422,0.025020155218223435,0.38667913255592345,727
SPXUSD,2024-04-02,3,bullish,S3_NY: 5m retrace + 1m BOS,2024-04-02 14:30:00+00:00,5203.087,5197.561,5219.767,5242.949,,stop,-1.0,10031.644736842107,11765.225994103275,1733.5812572611685,0.17281126901299015,4483.255265941845,-0.2961679116608422,0.025020155218223435,0.38667913255592345,727
SPXUSD,2024-04-03,1,bearish,S1_NY: 5m retrace + 1m BOS,2024-04-03 14:10:00+00:00,5196.632,5200.617,5193.611,,,tp1,0.37904642409024963,10031.644736842107,11765.225994103275,1733.5812572611685,0.17281126901299015,4483.255265941845,-0.2961679116608422,0.025020155218223435,0.38667913255592345,727
SPXUSD,2024-04-05,2,bearish,S2_NY: 5m retrace + 1m BOS,2024-04-05 13:46:00+00:00,5169.399,5175.526,5151.273,,,stop,-1.0,10031.644736842107,11765.225994103275,1733.5812572611685,0.17281126901299015,4483.255265941845,-0.2961679116608422,0.025020155218223435,0.38667913255592345,727
SPXUSD,2024-04-09,3,bearish,S3_NY: 5m retrace + 1m BOS,2024-04-09 14:05:00+00:00,5216.334,5217.627,5215.334,5196.741,,tp1,0.38669760247469276,10031.644736842107,11765.225994103275,1733.5812572611685,0.17281126901299015,4483.255265941845,-0.2961679116608422,0.025020155218223435,0.38667913255592345,727
SPXUSD,2024-04-12,3,bullish,S3_NY: 5m retrace + 1m BOS,2024-04-12 14:15:00+00:00,5158.37,5151.879,5174.981,5203.364,,stop,-1.0,10031.644736842107,11765.225994103275,1733.5812572611685,0.17281126901299015,4483.255265941845,-0.2961679116608422,0.025020155218223435,0.38667913255592345,727
SPXUSD,2024-04-15,1,bearish,S1_NY: 5m retrace + 1m BOS,2024-04-15 13:50:00+00:00,5159.87,5163.427,5146.361,5142.614,5124.364,stop,-1.0,10031.644736842107,11765.225994103275,1733.5812572611685,0.17281126901299015,4483.255265941845,-0.2961679116608422,0.025020155218223435,0.38667913255592345,727
SPXUSD,2024-04-15,2,bearish,S2_NY: 5m retrace + 1m BOS,2024-04-15 13:50:00+00:00,5159.87,5163.427,5146.361,5142.614,5124.364,stop,-1.0,10031.644736842107,11765.225994103275,1733.5812572611685,0.17281126901299015,4483.255265941845,-0.2961679116608422,0.025020155218223435,0.38667913255592345,727
SPXUSD,2024-04-15,3,bearish,S3_NY: 5m retrace + 1m BOS,2024-04-15 13:50:00+00:00,5159.87,5163.427,5156.861,5142.614,5124.364,stop,-1.0,10031.644736842107,11765.225994103275,1733.5812572611685,0.17281126901299015,4483.255265941845,-0.2961679116608422,0.025020155218223435,0.38667913255592345,727
SPXUSD,2024-04-16,1,bearish,S1_NY: 5m retrace + 1m BOS,2024-04-16 13:46:00+00:00,5076.177,5077.632,5061.614,5045.873,5039.512,tp1,16.511168384880595,10031.644736842107,11765.225994103275,1733.5812572611685,0.17281126901299015,4483.255265941845,-0.2961679116608422,0.025020155218223435,0.38667913255592345,727
SPXUSD,2024-04-22,1,bearish,S1_NY: 5m retrace + 1m BOS,2024-04-22 13:53:00+00:00,4994.929,4996.411,4985.727,4978.423,4971.617,stop,-1.0,10031.644736842107,11765.225994103275,1733.5812572611685,0.17281126901299015,4483.255265941845,-0.2961679116608422,0.025020155218223435,0.38667913255592345,727
SPXUSD,2024-04-23,1,bearish,S1_NY: 5m retrace + 1m BOS,2024-04-23 14:02:00+00:00,5027.347,5027.626,5015.0,5005.937,5000.994,stop,-1.0,10031.644736842107,11765.225994103275,1733.5812572611685,0.17281126901299015,4483.255265941845,-0.2961679116608422,0.025020155218223435,0.38667913255592345,727
SPXUSD,2024-04-24,1,bullish,S1_NY: 5m retrace + 1m BOS,2024-04-24 14:05:00+00:00,5075.132,5073.831,5088.687,5090.973,5092.203,stop,-1.0,10031.644736842107,11765.225994103275,1733.5812572611685,0.17281126901299015,4483.255265941845,-0.2961679116608422,0.025020155218223435,0.38667913255592345,727
SPXUSD,2024-04-24,2,bullish,S2_NY: 5m retrace + 1m BOS,2024-04-24 14:05:00+00:00,5075.132,5073.831,5088.687,5090.973,5092.203,stop,-1.0,10031.644736842107,11765.225994103275,1733.5812572611685,0.17281126901299015,4483.255265941845,-0.2961679116608422,0.025020155218223435,0.38667913255592345,727
SPXUSD,2024-04-26,2,bullish,S2_NY: 5m retrace + 1m BOS,2024-04-26 14:07:00+00:00,5086.309,5086.296,5107.242,,,stop,-1.0,10031.644736842107,11765.225994103275,1733.5812572611685,0.17281126901299015,4483.255265941845,-0.2961679116608422,0.025020155218223435,0.38667913255592345,727
SPXUSD,2024-04-30,3,bearish,S3_NY: 5m retrace + 1m BOS,2024-04-30 13:50:00+00:00,5093.753,5095.327,5089.497,,,stop,-1.0,10031.644736842107,11765.225994103275,1733.5812572611685,0.17281126901299015,4483.255265941845,-0.2961679116608422,0.025020155218223435,0.38667913255592345,727
SPXUSD,2024-05-02,1,bearish,S1_NY: 5m retrace + 1m BOS,2024-05-02 13:46:00+00:00,5059.382,5060.879,5046.382,5037.864,5029.379,tp1,12.946058784232513,10031.644736842107,11765.225994103275,1733.5812572611685,0.17281126901299015,4483.255265941845,-0.2961679116608422,0.025020155218223435,0.38667913255592345,727
SPXUSD,2024-05-02,2,bearish,S2_NY: 5m retrace + 1m BOS,2024-05-02 13:46:00+00:00,5059.382,5060.879,5046.382,5037.864,5029.379,tp1,12.946058784232513,10031.644736842107,11765.225994103275,1733.5812572611685,0.17281126901299015,4483.255265941845,-0.2961679116608422,0.025020155218223435,0.38667913255592345,727
SPXUSD,2024-05-03,1,bearish,S1_NY: 5m retrace + 1m BOS,2024-05-03 13:46:00+00:00,5119.487,5126.537,5075.417,5072.406,,stop,-1.0,10031.644736842107,11765.225994103275,1733.5812572611685,0.17281126901299015,4483.255265941845,-0.2961679116608422,0.025020155218223435,0.38667913255592345,727
SPXUSD,2024-05-03,2,bearish,S2_NY: 5m retrace + 1m BOS,2024-05-03 13:46:00+00:00,5119.487,5126.537,5075.417,5072.406,,stop,-1.0,10031.644736842107,11765.225994103275,1733.5812572611685,0.17281126901299015,4483.255265941845,-0.2961679116608422,0.025020155218223435,0.38667913255592345,727
SPXUSD,2024-05-03,3,bearish,S3_NY: 5m retrace + 1m BOS,2024-05-03 13:46:00+00:00,5119.487,5126.537,5112.437,5072.406,,stop,-1.0,10031.644736842107,11765.225994103275,1733.5812572611685,0.17281126901299015,4483.255265941845,-0.2961679116608422,0.025020155218223435,0.38667913255592345,727
SPXUSD,2024-05-06,3,bearish,S3_NY: 5m retrace + 1m BOS,2024-05-06 13:41:00+00:00,5150.123,5151.617,5149.927,5130.961,5128.97,tp1,0.06559571619807042,10031.644736842107,11765.225994103275,1733.5812572611685,0.17281126901299015,4483.255265941845,-0.2961679116608422,0.025020155218223435,0.38667913255592345,727
SPXUSD,2024-05-07,2,bearish,S2_NY: 5m retrace + 1m BOS,2024-05-07 13:57:00+00:00,5185.111,5185.907,5179.114,5176.307,5175.592,stop,-1.0,10031.644736842107,11765.225994103275,1733.5812572611685,0.17281126901299015,4483.255265941845,-0.2961679116608422,0.025020155218223435,0.38667913255592345,727
SPXUSD,2024-05-07,3,bearish,S3_NY: 5m retrace + 1m BOS,2024-05-07 13:57:00+00:00,5185.111,5185.907,5184.607,5176.307,5175.592,stop,-1.0,10031.644736842107,11765.225994103275,1733.5812572611685,0.17281126901299015,4483.255265941845,-0.2961679116608422,0.025020155218223435,0.38667913255592345,727
SPXUSD,2024-05-08,1,bullish,S1_NY: 5m retrace + 1m BOS,2024-05-08 13:58:00+00:00,5168.484,5166.494,5170.211,5192.134,,stop,-1.0,10031.644736842107,11765.225994103275,1733.5812572611685,0.17281126901299015,4483.255265941845,-0.2961679116608422,0.025020155218223435,0.38667913255592345,727
SPXUSD,2024-05-13,1,bearish,S1_NY: 5m retrace + 1m BOS,2024-05-13 14:00:00+00:00,5235.126,5236.427,5230.864,5225.117,5217.111,stop,-1.0,10031.644736842107,11765.225994103275,1733.5812572611685,0.17281126901299015,4483.255265941845,-0.2961679116608422,0.025020155218223435,0.38667913255592345,727
SPXUSD,2024-05-13,3,bearish,S3_NY: 5m retrace + 1m BOS,2024-05-13 14:00:00+00:00,5235.126,5236.427,5235.111,5225.117,5217.111,tp1,0.005764796310658515,10031.644736842107,11765.225994103275,1733.5812572611685,0.17281126901299015,4483.255265941845,-0.2961679116608422,0.025020155218223435,0.38667913255592345,727
SPXUSD,2024-05-15,3,bearish,S3_NY: 5m retrace + 1m BOS,2024-05-15 14:00:00+00:00,5269.84,5274.122,5262.253,5242.064,5241.441,stop,-1.0,10031.644736842107,11765.225994103275,1733.5812572611685,0.17281126901299015,4483.255265941845,-0.2961679116608422,0.025020155218223435,0.38667913255592345,727
SPXUSD,2024-05-17,2,bearish,S2_NY: 5m retrace + 1m BOS,2024-05-17 13:46:00+00:00,5301.713,5302.456,5300.691,5290.917,,stop,-1.0,10031.644736842107,11765.225994103275,1733.5812572611685,0.17281126901299015,4483.255265941845,-0.2961679116608422,0.025020155218223435,0.38667913255592345,727
SPXUSD,2024-05-20,3,bearish,S3_NY: 5m retrace + 1m BOS,2024-05-20 14:05:00+00:00,5306.177,5309.382,5305.882,,,tp1,0.04602184087364734,10031.644736842107,11765.225994103275,1733.5812572611685,0.17281126901299015,4483.255265941845,-0.2961679116608422,0.025020155218223435,0.38667913255592345,727
SPXUSD,2024-05-23,2,bearish,S2_NY: 5m retrace + 1m BOS,2024-05-23 13:56:00+00:00,5347.029,5349.077,5347.014,5332.023,5315.17,tp1,0.0036621093750803394,10031.644736842107,11765.225994103275,1733.5812572611685,0.17281126901299015,4483.255265941845,-0.2961679116608422,0.025020155218223435,0.38667913255592345,727
SPXUSD,2024-05-24,1,bearish,S1_NY: 5m retrace + 1m BOS,2024-05-24 13:52:00+00:00,5283.132,5287.379,5277.779,5269.08,5268.461,stop,-1.0,10031.644736842107,11765.225994103275,1733.5812572611685,0.17281126901299015,4483.255265941845,-0.2961679116608422,0.025020155218223435,0.38667913255592345,727
SPXUSD,2024-05-29,3,bullish,S3_NY: 5m retrace + 1m BOS,2024-05-29 13:53:00+00:00,5270.307,5268.25,5270.752,5290.177,5305.992,tp1,0.10816723383584446,10031.644736842107,11765.225994103275,1733.5812572611685,0.17281126901299015,4483.255265941845,-0.2961679116608422,0.025020155218223435,0.38667913255592345,727
SPXUSD,2024-05-31,3,bearish,S3_NY: 5m retrace + 1m BOS,2024-05-31 13:59:00+00:00,5252.632,5255.677,5244.876,5215.111,,tp1,1.2735632183906762,10031.644736842107,11765.225994103275,1733.5812572611685,0.17281126901299015,4483.255265941845,-0.2961679116608422,0.025020155218223435,0.38667913255592345,727
SPXUSD,2024-06-03,2,bearish,S2_NY: 5m retrace + 1m BOS,2024-06-03 13:51:00+00:00,5292.87,5294.37,5280.882,,,stop,-1.0,10031.644736842107,11765.225994103275,1733.5812572611685,0.17281126901299015,4483.255265941845,-0.2961679116608422,0.025020155218223435,0.38667913255592345,727
SPXUSD,2024-06-06,1,bullish,S1_NY: 5m retrace + 1m BOS,2024-06-06 13:45:00+00:00,5352.583,5346.844,5358.81,,,tp1,0.5425161177906629,10031.644736842107,11765.225994103275,1733.5812572611685,0.17281126901299015,4483.255265941845,-0.2961679116608422,0.025020155218223435,0.38667913255592345,727
SPXUSD,2024-06-07,1,bullish,S1_NY: 5m retrace + 1m BOS,2024-06-07 13:50:00+00:00,5331.382,5318.879,5360.047,5361.626,5361.677,tp1,2.3568143645525756,10031.644736842107,11765.225994103275,1733.5812572611685,0.17281126901299015,4483.255265941845,-0.2961679116608422,0.025020155218223435,0.38667913255592345,727
SPXUSD,2024-06-07,2,bullish,S2_NY: 5m retrace + 1m BOS,2024-06-07 13:50:00+00:00,5331.382,5318.879,5360.047,5361.626,5361.677,tp1,2.3568143645525756,10031.644736842107,11765.225994103275,1733.5812572611685,0.17281126901299015,4483.255265941845,-0.2961679116608422,0.025020155218223435,0.38667913255592345,727
SPXUSD,2024-06-10,3,bullish,S3_NY: 5m retrace + 1m BOS,2024-06-10 14:15:00+00:00,5337.773,5335.764,5338.532,5346.827,5350.032,stop,-1.0,10031.644736842107,11765.225994103275,1733.5812572611685,0.17281126901299015,4483.255265941845,-0.2961679116608422,0.025020155218223435,0.38667913255592345,727
SPXUSD,2024-06-11,1,bullish,S1_NY: 5m retrace + 1m BOS,2024-06-11 13:40:00+00:00,5347.259,5344.494,5350.486,5364.656,,stop,-1.0,10031.644736842107,11765.225994103275,1733.5812572611685,0.17281126901299015,4483.255265941845,-0.2961679116608422,0.025020155218223435,0.38667913255592345,727
SPXUSD,2024-06-11,2,bullish,S2_NY: 5m retrace + 1m BOS,2024-06-11 13:40:00+00:00,5347.259,5344.494,5350.486,5364.656,,stop,-1.0,10031.644736842107,11765.225994103275,1733.5812572611685,0.17281126901299015,4483.255265941845,-0.2961679116608422,0.025020155218223435,0.38667913255592345,727
SPXUSD,2024-06-12,1,bearish,S1_NY: 5m retrace + 1m BOS,2024-06-12 13:41:00+00:00,5415.599,5418.84,5381.43,5376.771,5371.486,stop,-1.0,10031.644736842107,11765.225994103275,1733.5812572611685,0.17281126901299015,4483.255265941845,-0.2961679116608422,0.025020155218223435,0.38667913255592345,727
SPXUSD,2024-06-12,3,bearish,S3_NY: 5m retrace + 1m BOS,2024-06-12 13:41:00+00:00,5415.599,5418.84,5411.584,5376.771,5371.486,stop,-1.0,10031.644736842107,11765.225994103275,1733.5812572611685,0.17281126901299015,4483.255265941845,-0.2961679116608422,0.025020155218223435,0.38667913255592345,727
SPXUSD,2024-06-13,1,bearish,S1_NY: 5m retrace + 1m BOS,2024-06-13 13:59:00+00:00,5435.224,5436.232,5429.801,5419.09,,stop,-1.0,10031.644736842107,11765.225994103275,1733.5812572611685,0.17281126901299015,4483.255265941845,-0.2961679116608422,0.025020155218223435,0.38667913255592345,727
SPXUSD,2024-06-13,2,bearish,S2_NY: 5m retrace + 1m BOS,2024-06-13 13:59:00+00:00,5435.224,5436.232,5429.801,5419.09,,stop,-1.0,10031.644736842107,11765.225994103275,1733.5812572611685,0.17281126901299015,4483.255265941845,-0.2961679116608422,0.025020155218223435,0.38667913255592345,727
SPXUSD,2024-06-17,2,bullish,S2_NY: 5m retrace + 1m BOS,2024-06-17 14:05:00+00:00,5425.614,5424.617,5432.677,5438.677,,stop,-1.0,10031.644736842107,11765.225994103275,1733.5812572611685,0.17281126901299015,4483.255265941845,-0.2961679116608422,0.025020155218223435,0.38667913255592345,727
SPXUSD,2024-06-26,2,bullish,S2_NY: 5m retrace + 1m BOS,2024-06-26 13:51:00+00:00,5461.284,5460.524,5466.12,5486.192,,stop,-1.0,10031.644736842107,11765.225994103275,1733.5812572611685,0.17281126901299015,4483.255265941845,-0.2961679116608422,0.025020155218223435,0.38667913255592345,727
SPXUSD,2024-06-27,1,bearish,S1_NY: 5m retrace + 1m BOS,2024-06-27 13:54:00+00:00,5476.501,5476.753,5468.141,5463.784,5451.101,stop,-1.0,10031.644736842107,11765.225994103275,1733.5812572611685,0.17281126901299015,4483.255265941845,-0.2961679116608422,0.025020155218223435,0.38667913255592345,727
SPXUSD,2024-07-08,3,bearish,S3_NY: 5m retrace + 1m BOS,2024-07-08 13:56:00+00:00,5570.861,5571.129,5569.861,5555.62,5555.364,stop,-1.0,10031.644736842107,11765.225994103275,1733.5812572611685,0.17281126901299015,4483.255265941845,-0.2961679116608422,0.025020155218223435,0.38667913255592345,727
SPXUSD,2024-07-10,2,bearish,S2_NY: 5m retrace + 1m BOS,2024-07-10 13:45:00+00:00,5590.961,5592.197,5590.72,5576.48,,tp1,0.09749190938511713,10031.644736842107,11765.225994103275,1733.5812572611685,0.17281126901299015,4483.255265941845,-0.2961679116608422,0.025020155218223435,0.38667913255592345,727
SPXUSD,2024-07-17,2,bullish,S2_NY: 5m retrace + 1m BOS,2024-07-17 13:44:00+00:00,5610.736,5609.767,5617.14,5653.687,5666.306,stop,-1.0,10031.644736842107,11765.225994103275,1733.5812572611685,0.17281126901299015,4483.255265941845,-0.2961679116608422,0.025020155218223435,0.38667913255592345,727
SPXUSD,2024-07-24,3,bullish,S3_NY: 5m retrace + 1m BOS,2024-07-24 13:58:00+00:00,5502.919,5500.854,5507.047,5527.534,5539.572,tp1,0.9995157384989108,10031.644736842107,11765.225994103275,1733.5812572611685,0.17281126901299015,4483.255265941845,-0.2961679116608422,0.025020155218223435,0.38667913255592345,727
SPXUSD,2024-07-30,2,bearish,S2_NY: 5m retrace + 1m BOS,2024-07-30 13:57:00+00:00,5474.524,5475.78,5472.3,5459.911,5441.684,stop,-1.0,10031.644736842107,11765.225994103275,1733.5812572611685,0.17281126901299015,4483.255265941845,-0.2961679116608422,0.025020155218223435,0.38667913255592345,727
SPXUSD,2024-08-05,1,bullish,S1_NY: 5m retrace + 1m BOS,2024-08-05 13:40:00+00:00,5133.626,5093.364,5173.888000000001,5247.111,5314.502,tp1,1.2046656897322408,10031.644736842107,11765.225994103275,1733.5812572611685,0.17281126901299015,4483.255265941845,-0.2961679116608422,0.025020155218223435,0.38667913255592345,727
SPXUSD,2024-08-06,1,bullish,S1_NY: 5m retrace + 1m BOS,2024-08-06 13:51:00+00:00,5213.177,5206.521,5246.997,5266.937,5275.932,stop,-1.0,10031.644736842107,11765.225994103275,1733.5812572611685,0.17281126901299015,4483.255265941845,-0.2961679116608422,0.025020155218223435,0.38667913255592345,727
SPXUSD,2024-08-06,2,bullish,S2_NY: 5m retrace + 1m BOS,2024-08-06 13:51:00+00:00,5213.177,5206.521,5246.997,5266.937,5275.932,stop,-1.0,10031.644736842107,11765.225994103275,1733.5812572611685,0.17281126901299015,4483.255265941845,-0.2961679116608422,0.025020155218223435,0.38667913255592345,727
SPXUSD,2024-08-07,2,bearish,S2_NY: 5m retrace + 1m BOS,2024-08-07 13:45:00+00:00,5297.102,5300.692,5288.761,5251.951,5208.722,stop,-1.0,10031.644736842107,11765.225994103275,1733.5812572611685,0.17281126901299015,4483.255265941845,-0.2961679116608422,0.025020155218223435,0.38667913255592345,727
SPXUSD,2024-08-08,3,bearish,S3_NY: 5m retrace + 1m BOS,2024-08-08 13:55:00+00:00,5242.46,5245.037,5229.593,5175.791,5155.574,stop,-1.0,10031.644736842107,11765.225994103275,1733.5812572611685,0.17281126901299015,4483.255265941845,-0.2961679116608422,0.025020155218223435,0.38667913255592345,727
SPXUSD,2024-08-13,1,bearish,S1_NY: 5m retrace + 1m BOS,2024-08-13 14:00:00+00:00,5377.87,5378.121,5364.046,5346.311,5342.664,stop,-1.0,10031.644736842107,11765.225994103275,1733.5812572611685,0.17281126901299015,4483.255265941845,-0.2961679116608422,0.025020155218223435,0.38667913255592345,727
SPXUSD,2024-08-13,3,bearish,S3_NY: 5m retrace + 1m BOS,2024-08-13 14:00:00+00:00,5377.87,5378.121,5369.546,5346.311,5342.664,stop,-1.0,10031.644736842107,11765.225994103275,1733.5812572611685,0.17281126901299015,4483.255265941845,-0.2961679116608422,0.025020155218223435,0.38667913255592345,727
SPXUSD,2024-08-14,1,bearish,S1_NY: 5m retrace + 1m BOS,2024-08-14 14:07:00+00:00,5442.683,5442.876,5424.487,,,stop,-1.0,10031.644736842107,11765.225994103275,1733.5812572611685,0.17281126901299015,4483.255265941845,-0.2961679116608422,0.025020155218223435,0.38667913255592345,727
SPXUSD,2024-08-15,2,bearish,S2_NY: 5m retrace + 1m BOS,2024-08-15 14:05:00+00:00,5503.521,5505.772,5461.2,5446.873,,stop,-1.0,10031.644736842107,11765.225994103275,1733.5812572611685,0.17281126901299015,4483.255265941845,-0.2961679116608422,0.025020155218223435,0.38667913255592345,727
SPXUSD,2024-08-15,3,bearish,S3_NY: 5m retrace + 1m BOS,2024-08-15 14:05:00+00:00,5503.521,5505.772,5482.877,5446.873,,stop,-1.0,10031.644736842107,11765.225994103275,1733.5812572611685,0.17281126901299015,4483.255265941845,-0.2961679116608422,0.025020155218223435,0.38667913255592345,727
SPXUSD,2024-08-16,1,bullish,S1_NY: 5m retrace + 1m BOS,2024-08-16 13:55:00+00:00,5516.827,5512.761,5527.827,5559.327,,tp1,3.9658140678801717,10031.644736842107,11765.225994103275,1733.5812572611685,0.17281126901299015,4483.255265941845,-0.2961679116608422,0.025020155218223435,0.38667913255592345,727
SPXUSD,2024-08-16,3,bullish,S3_NY: 5m retrace + 1m BOS,2024-08-16 13:55:00+00:00,5516.827,5512.761,5521.384,5559.327,,tp1,3.1735120511560546,10031.644736842107,11765.225994103275,1733.5812572611685,0.17281126901299015,4483.255265941845,-0.2961679116608422,0.025020155218223435,0.38667913255592345,727
SPXUSD,2024-08-21,2,bearish,S2_NY: 5m retrace + 1m BOS,2024-08-21 13:46:00+00:00,5608.433,5609.727,5607.431,5596.451,5594.57,tp1,0.38717156105120126,10031.644736842107,11765.225994103275,1733.5812572611685,0.17281126901299015,4483.255265941845,-0.2961679116608422,0.025020155218223435,0.38667913255592345,727
SPXUSD,2024-08-21,3,bearish,S3_NY: 5m retrace + 1m BOS,2024-08-21 13:46:00+00:00,5608.433,5609.727,5607.431,5596.451,5594.57,tp1,0.38717156105120126,10031.644736842107,11765.225994103275,1733.5812572611685,0.17281126901299015,4483.255265941845,-0.2961679116608422,0.025020155218223435,0.38667913255592345,727
SPXUSD,2024-08-22,2,bearish,S2_NY: 5m retrace + 1m BOS,2024-08-22 14:14:00+00:00,5632.19,5635.291,5624.707,5614.147,5609.173,stop,-1.0,10031.644736842107,11765.225994103275,1733.5812572611685,0.17281126901299015,4483.255265941845,-0.2961679116608422,0.025020155218223435,0.38667913255592345,727
SPXUSD,2024-08-23,2,bearish,S2_NY: 5m retrace + 1m BOS,2024-08-23 14:00:00+00:00,5608.134,5609.197,5601.634,5590.39,5579.016,stop,-1.0,10031.644736842107,11765.225994103275,1733.5812572611685,0.17281126901299015,4483.255265941845,-0.2961679116608422,0.025020155218223435,0.38667913255592345,727
SPXUSD,2024-08-23,3,bearish,S3_NY: 5m retrace + 1m BOS,2024-08-23 14:00:00+00:00,5608.134,5609.197,5605.634,5590.39,5579.016,stop,-1.0,10031.644736842107,11765.225994103275,1733.5812572611685,0.17281126901299015,4483.255265941845,-0.2961679116608422,0.025020155218223435,0.38667913255592345,727
SPXUSD,2024-08-27,3,bearish,S3_NY: 5m retrace + 1m BOS,2024-08-27 14:02:00+00:00,5600.887,5604.869,5598.646,,,tp1,0.28139126067302883,10031.644736842107,11765.225994103275,1733.5812572611685,0.17281126901299015,4483.255265941845,-0.2961679116608422,0.025020155218223435,0.38667913255592345,727
SPXUSD,2024-08-29,2,bearish,S2_NY: 5m retrace + 1m BOS,2024-08-29 14:04:00+00:00,5608.056,5612.299,5597.593,5576.411,5543.614,stop,-1.0,10031.644736842107,11765.225994103275,1733.5812572611685,0.17281126901299015,4483.255265941845,-0.2961679116608422,0.025020155218223435,0.38667913255592345,727
SPXUSD,2024-09-03,1,bullish,S1_NY: 5m retrace + 1m BOS,2024-09-03 13:45:00+00:00,5621.882,5620.367,5622.927,5652.377,5655.567,stop,-1.0,10031.644736842107,11765.225994103275,1733.5812572611685,0.17281126901299015,4483.255265941845,-0.2961679116608422,0.025020155218223435,0.38667913255592345,727
SPXUSD,2024-09-05,2,bullish,S2_NY: 5m retrace + 1m BOS,2024-09-05 13:55:00+00:00,5512.153,5506.922,5522.377,5528.297,,tp1,1.748805199770355,10031.644736842107,11765.225994103275,1733.5812572611685,0.17281126901299015,4483.255265941845,-0.2961679116608422,0.025020155218223435,0.38667913255592345,727
SPXUSD,2024-09-10,2,bearish,S2_NY: 5m retrace + 1m BOS,2024-09-10 14:01:00+00:00,5487.546,5488.536,5483.282,5454.42,,stop,-1.0,10031.644736842107,11765.225994103275,1733.5812572611685,0.17281126901299015,4483.255265941845,-0.2961679116608422,0.025020155218223435,0.38667913255592345,727
SPXUSD,2024-09-12,2,bearish,S2_NY: 5m retrace + 1m BOS,2024-09-12 13:46:00+00:00,5563.8,5565.031,5557.041,5555.823,5548.293,stop,-1.0,10031.644736842107,11765.225994103275,1733.5812572611685,0.17281126901299015,4483.255265941845,-0.2961679116608422,0.025020155218223435,0.38667913255592345,727
SPXUSD,2024-09-12,3,bearish,S3_NY: 5m retrace + 1m BOS,2024-09-12 13:46:00+00:00,5563.8,5565.031,5557.041,5555.823,5548.293,stop,-1.0,10031.644736842107,11765.225994103275,1733.5812572611685,0.17281126901299015,4483.255265941845,-0.2961679116608422,0.025020155218223435,0.38667913255592345,727
SPXUSD,2024-09-13,1,bearish,S1_NY: 5m retrace + 1m BOS,2024-09-13 13:40:00+00:00,5602.873,5608.126,5597.619999999999,5597.364,5593.367,stop,-1.0,10031.644736842107,11765.225994103275,1733.5812572611685,0.17281126901299015,4483.255265941845,-0.2961679116608422,0.025020155218223435,0.38667913255592345,727
SPXUSD,2024-09-13,2,bearish,S2_NY: 5m retrace + 1m BOS,2024-09-13 13:40:00+00:00,5602.873,5608.126,5597.619999999999,5597.364,5593.367,stop,-1.0,10031.644736842107,11765.225994103275,1733.5812572611685,0.17281126901299015,4483.255265941845,-0.2961679116608422,0.025020155218223435,0.38667913255592345,727
SPXUSD,2024-09-18,1,bearish,S1_NY: 5m retrace + 1m BOS,2024-09-18 13:53:00+00:00,5642.86,5645.611,5636.466,5633.453,,tp1,1.1621228644127317,10031.644736842107,11765.225994103275,1733.5812572611685,0.17281126901299015,4483.255265941845,-0.2961679116608422,0.025020155218223435,0.38667913255592345,727
SPXUSD,2024-09-18,2,bearish,S2_NY: 5m retrace + 1m BOS,2024-09-18 13:53:00+00:00,5642.86,5645.611,5636.466,5633.453,,tp1,1.1621228644127317,10031.644736842107,11765.225994103275,1733.5812572611685,0.17281126901299015,4483.255265941845,-0.2961679116608422,0.025020155218223435,0.38667913255592345,727
SPXUSD,2024-09-26,3,bearish,S3_NY: 5m retrace + 1m BOS,2024-09-26 13:56:00+00:00,5768.804,5770.582,5765.757,5757.05,5723.604,stop,-1.0,10031.644736842107,11765.225994103275,1733.5812572611685,0.17281126901299015,4483.255265941845,-0.2961679116608422,0.025020155218223435,0.38667913255592345,727
SPXUSD,2024-09-30,1,bullish,S1_NY: 5m retrace + 1m BOS,2024-09-30 13:42:00+00:00,5722.367,5721.62,5725.117,5740.879,5745.914,stop,-1.0,10031.644736842107,11765.225994103275,1733.5812572611685,0.17281126901299015,4483.255265941845,-0.2961679116608422,0.025020155218223435,0.38667913255592345,727
SPXUSD,2024-10-04,1,bearish,S1_NY: 5m retrace + 1m BOS,2024-10-04 14:18:00+00:00,5748.061,5748.326,5715.314,5693.814,5691.561,stop,-1.0,10031.644736842107,11765.225994103275,1733.5812572611685,0.17281126901299015,4483.255265941845,-0.2961679116608422,0.025020155218223435,0.38667913255592345,727
SPXUSD,2024-10-04,2,bearish,S2_NY: 5m retrace + 1m BOS,2024-10-04 14:18:00+00:00,5748.061,5748.326,5715.314,5693.814,5691.561,stop,-1.0,10031.644736842107,11765.225994103275,1733.5812572611685,0.17281126901299015,4483.255265941845,-0.2961679116608422,0.025020155218223435,0.38667913255592345,727
SPXUSD,2024-10-08,1,bearish,S1_NY: 5m retrace + 1m BOS,2024-10-08 14:11:00+00:00,5717.872,5718.733,5715.396,5688.354,5676.757,stop,-1.0,10031.644736842107,11765.225994103275,1733.5812572611685,0.17281126901299015,4483.255265941845,-0.2961679116608422,0.025020155218223435,0.38667913255592345,727
SPXUSD,2024-10-10,1,bullish,S1_NY: 5m retrace + 1m BOS,2024-10-10 13:59:00+00:00,5772.267,5770.651,5791.207,,,stop,-1.0,10031.644736842107,11765.225994103275,1733.5812572611685,0.17281126901299015,4483.255265941845,-0.2961679116608422,0.025020155218223435,0.38667913255592345,727
SPXUSD,2024-10-10,2,bullish,S2_NY: 5m retrace + 1m BOS,2024-10-10 13:59:00+00:00,5772.267,5770.651,5791.207,,,stop,-1.0,10031.644736842107,11765.225994103275,1733.5812572611685,0.17281126901299015,4483.255265941845,-0.2961679116608422,0.025020155218223435,0.38667913255592345,727
SPXUSD,2024-10-14,2,bearish,S2_NY: 5m retrace + 1m BOS,2024-10-14 14:26:00+00:00,5831.132,5831.632,5824.117,5810.611,5804.629,stop,-1.0,10031.644736842107,11765.225994103275,1733.5812572611685,0.17281126901299015,4483.255265941845,-0.2961679116608422,0.025020155218223435,0.38667913255592345,727
SPXUSD,2024-10-14,3,bearish,S3_NY: 5m retrace + 1m BOS,2024-10-14 14:26:00+00:00,5831.132,5831.632,5824.867,5810.611,5804.629,stop,-1.0,10031.644736842107,11765.225994103275,1733.5812572611685,0.17281126901299015,4483.255265941845,-0.2961679116608422,0.025020155218223435,0.38667913255592345,727
SPXUSD,2024-10-15,1,bullish,S1_NY: 5m retrace + 1m BOS,2024-10-15 13:45:00+00:00,5860.967,5860.159,5864.347,5864.897,5868.737,stop,-1.0,10031.644736842107,11765.225994103275,1733.5812572611685,0.17281126901299015,4483.255265941845,-0.2961679116608422,0.025020155218223435,0.38667913255592345,727
SPXUSD,2024-10-15,2,bullish,S2_NY: 5m retrace + 1m BOS,2024-10-15 13:45:00+00:00,5860.967,5860.159,5864.347,5864.897,5868.737,stop,-1.0,10031.644736842107,11765.225994103275,1733.5812572611685,0.17281126901299015,4483.255265941845,-0.2961679116608422,0.025020155218223435,0.38667913255592345,727
SPXUSD,2024-10-17,1,bearish,S1_NY: 5m retrace + 1m BOS,2024-10-17 13:40:00+00:00,5871.474,5874.18,5866.519,5834.647,5826.092,tp1,0.915558019216498,10031.644736842107,11765.225994103275,1733.5812572611685,0.17281126901299015,4483.255265941845,-0.2961679116608422,0.025020155218223435,0.38667913255592345,727
SPXUSD,2024-10-18,1,bearish,S1_NY: 5m retrace + 1m BOS,2024-10-18 13:46:00+00:00,5858.62,5859.623,5853.614,5844.367,5833.677,stop,-1.0,10031.644736842107,11765.225994103275,1733.5812572611685,0.17281126901299015,4483.255265941845,-0.2961679116608422,0.025020155218223435,0.38667913255592345,727
SPXUSD,2024-10-18,2,bearish,S2_NY: 5m retrace + 1m BOS,2024-10-18 13:46:00+00:00,5858.62,5859.623,5853.614,5844.367,5833.677,stop,-1.0,10031.644736842107,11765.225994103275,1733.5812572611685,0.17281126901299015,4483.255265941845,-0.2961679116608422,0.025020155218223435,0.38667913255592345,727
SPXUSD,2024-10-22,1,bullish,S1_NY: 5m retrace + 1m BOS,2024-10-22 14:06:00+00:00,5824.129,5822.861,5835.382,5846.382,5858.629,stop,-1.0,10031.644736842107,11765.225994103275,1733.5812572611685,0.17281126901299015,4483.255265941845,-0.2961679116608422,0.025020155218223435,0.38667913255592345,727
SPXUSD,2024-10-25,1,bearish,S1_NY: 5m retrace + 1m BOS,2024-10-25 14:05:00+00:00,5834.129,5834.376,5827.617,5811.364,5807.114,stop,-1.0,10031.644736842107,11765.225994103275,1733.5812572611685,0.17281126901299015,4483.255265941845,-0.2961679116608422,0.025020155218223435,0.38667913255592345,727
SPXUSD,2024-10-25,2,bearish,S2_NY: 5m retrace + 1m BOS,2024-10-25 14:05:00+00:00,5834.129,5834.376,5827.617,5811.364,5807.114,stop,-1.0,10031.644736842107,11765.225994103275,1733.5812572611685,0.17281126901299015,4483.255265941845,-0.2961679116608422,0.025020155218223435,0.38667913255592345,727
SPXUSD,2024-10-28,1,bearish,S1_NY: 5m retrace + 1m BOS,2024-10-28 14:55:00+00:00,5840.027,5842.274,5830.267,5827.879,,tp1,3.5233644859809043,10031.644736842107,11765.225994103275,1733.5812572611685,0.17281126901299015,4483.255265941845,-0.2961679116608422,0.025020155218223435,0.38667913255592345,727
SPXUSD,2024-10-31,2,bullish,S2_NY: 5m retrace + 1m BOS,2024-10-31 15:06:00+00:00,5722.286,5719.814,5742.327,5785.4,5803.102,stop,-1.0,10031.644736842107,11765.225994103275,1733.5812572611685,0.17281126901299015,4483.255265941845,-0.2961679116608422,0.025020155218223435,0.38667913255592345,727
SPXUSD,2024-10-31,3,bullish,S3_NY: 5m retrace + 1m BOS,2024-10-31 15:06:00+00:00,5722.286,5719.814,5740.051,5785.4,5803.102,stop,-1.0,10031.644736842107,11765.225994103275,1733.5812572611685,0.17281126901299015,4483.255265941845,-0.2961679116608422,0.025020155218223435,0.38667913255592345,727
SPXUSD,2024-11-01,1,bearish,S1_NY: 5m retrace + 1m BOS,2024-11-01 15:01:00+00:00,5759.684,5761.419,5745.753,5717.632,5700.777,stop,-1.0,10031.644736842107,11765.225994103275,1733.5812572611685,0.17281126901299015,4483.255265941845,-0.2961679116608422,0.025020155218223435,0.38667913255592345,727
SPXUSD,2024-11-01,3,bearish,S3_NY: 5m retrace + 1m BOS,2024-11-01 15:01:00+00:00,5759.684,5761.419,5745.753,5717.632,5700.777,stop,-1.0,10031.644736842107,11765.225994103275,1733.5812572611685,0.17281126901299015,4483.255265941845,-0.2961679116608422,0.025020155218223435,0.38667913255592345,727
SPXUSD,2024-11-05,1,bearish,S1_NY: 5m retrace + 1m BOS,2024-11-05 14:50:00+00:00,5744.127,5746.863,5719.222,5714.724,5705.847,stop,-1.0,10031.644736842107,11765.225994103275,1733.5812572611685,0.17281126901299015,4483.255265941845,-0.2961679116608422,0.025020155218223435,0.38667913255592345,727
SPXUSD,2024-11-05,2,bearish,S2_NY: 5m retrace + 1m BOS,2024-11-05 14:50:00+00:00,5744.127,5746.863,5719.222,5714.724,5705.847,stop,-1.0,10031.644736842107,11765.225994103275,1733.5812572611685,0.17281126901299015,4483.255265941845,-0.2961679116608422,0.025020155218223435,0.38667913255592345,727
SPXUSD,2024-11-13,1,bearish,S1_NY: 5m retrace + 1m BOS,2024-11-13 14:40:00+00:00,5987.484,5991.743,5984.32,5968.777,5966.071,stop,-1.0,10031.644736842107,11765.225994103275,1733.5812572611685,0.17281126901299015,4483.255265941845,-0.2961679116608422,0.025020155218223435,0.38667913255592345,727
SPXUSD,2024-11-13,2,bearish,S2_NY: 5m retrace + 1m BOS,2024-11-13 14:40:00+00:00,5987.484,5991.743,5984.32,5968.777,5966.071,stop,-1.0,10031.644736842107,11765.225994103275,1733.5812572611685,0.17281126901299015,4483.255265941845,-0.2961679116608422,0.025020155218223435,0.38667913255592345,727
SPXUSD,2024-11-15,2,bullish,S2_NY: 5m retrace + 1m BOS,2024-11-15 14:45:00+00:00,5908.877,5904.425,5916.082,5926.179,5941.727,stop,-1.0,10031.644736842107,11765.225994103275,1733.5812572611685,0.17281126901299015,4483.255265941845,-0.2961679116608422,0.025020155218223435,0.38667913255592345,727
SPXUSD,2024-11-15,3,bullish,S3_NY: 5m retrace + 1m BOS,2024-11-15 14:45:00+00:00,5908.877,5904.425,5912.437,5926.179,5941.727,tp1,0.3998203054806054,10031.644736842107,11765.225994103275,1733.5812572611685,0.17281126901299015,4483.255265941845,-0.2961679116608422,0.025020155218223435,0.38667913255592345,727
SPXUSD,2024-11-20,1,bullish,S1_NY: 5m retrace + 1m BOS,2024-11-20 14:52:00+00:00,5896.67,5891.731,5917.743,5934.409,,stop,-1.0,10031.644736842107,11765.225994103275,1733.5812572611685,0.17281126901299015,4483.255265941845,-0.2961679116608422,0.025020155218223435,0.38667913255592345,727
SPXUSD,2024-11-20,2,bullish,S2_NY: 5m retrace + 1m BOS,2024-11-20 14:52:00+00:00,5896.67,5891.731,5917.743,5934.409,,stop,-1.0,10031.644736842107,11765.225994103275,1733.5812572611685,0.17281126901299015,4483.255265941845,-0.2961679116608422,0.025020155218223435,0.38667913255592345,727
SPXUSD,2024-11-20,3,bullish,S3_NY: 5m retrace + 1m BOS,2024-11-20 14:52:00+00:00,5896.67,5891.731,5913.766,5934.409,,stop,-1.0,10031.644736842107,11765.225994103275,1733.5812572611685,0.17281126901299015,4483.255265941845,-0.2961679116608422,0.025020155218223435,0.38667913255592345,727
SPXUSD,2024-11-21,1,bearish,S1_NY: 5m retrace + 1m BOS,2024-11-21 14:52:00+00:00,5917.649,5926.843,5897.292,5883.297,,tp1,1.107080704807541,10031.644736842107,11765.225994103275,1733.5812572611685,0.17281126901299015,4483.255265941845,-0.2961679116608422,0.025020155218223435,0.38667913255592345,727
SPXUSD,2024-11-21,2,bearish,S2_NY: 5m retrace + 1m BOS,2024-11-21 14:52:00+00:00,5917.649,5926.843,5897.292,5883.297,,tp1,1.107080704807541,10031.644736842107,11765.225994103275,1733.5812572611685,0.17281126901299015,4483.255265941845,-0.2961679116608422,0.025020155218223435,0.38667913255592345,727
SPXUSD,2024-11-22,3,bullish,S3_NY: 5m retrace + 1m BOS,2024-11-22 14:56:00+00:00,5969.127,5958.127,5972.573,,,stop,-1.0,10031.644736842107,11765.225994103275,1733.5812572611685,0.17281126901299015,4483.255265941845,-0.2961679116608422,0.025020155218223435,0.38667913255592345,727
SPXUSD,2024-11-25,1,bearish,S1_NY: 5m retrace + 1m BOS,2024-11-25 14:46:00+00:00,6015.667,6020.682,6000.417,5990.861,5988.876,tp1,4.092572283151057,10031.644736842107,11765.225994103275,1733.5812572611685,0.17281126901299015,4483.255265941845,-0.2961679116608422,0.025020155218223435,0.38667913255592345,727
SPXUSD,2024-11-25,2,bearish,S2_NY: 5m retrace + 1m BOS,2024-11-25 14:46:00+00:00,6015.667,6020.682,6000.417,5990.861,5988.876,tp1,4.092572283151057,10031.644736842107,11765.225994103275,1733.5812572611685,0.17281126901299015,4483.255265941845,-0.2961679116608422,0.025020155218223435,0.38667913255592345,727
SPXUSD,2024-11-26,3,bearish,S3_NY: 5m retrace + 1m BOS,2024-11-26 14:53:00+00:00,6002.729,6004.726,5996.554,5977.789,5956.787,stop,-1.0,10031.644736842107,11765.225994103275,1733.5812572611685,0.17281126901299015,4483.255265941845,-0.2961679116608422,0.025020155218223435,0.38667913255592345,727
SPXUSD,2024-12-02,1,bearish,S1_NY: 5m retrace + 1m BOS,2024-12-02 14:55:00+00:00,6037.261,6042.077,6036.276,6021.526,6019.414,tp1,0.10226328903660946,10031.644736842107,11765.225994103275,1733.5812572611685,0.17281126901299015,4483.255265941845,-0.2961679116608422,0.025020155218223435,0.38667913255592345,727
SPXUSD,2024-12-03,2,bullish,S2_NY: 5m retrace + 1m BOS,2024-12-03 15:00:00+00:00,6044.969,6040.397,6047.526,6052.736,,stop,-1.0,10031.644736842107,11765.225994103275,1733.5812572611685,0.17281126901299015,4483.255265941845,-0.2961679116608422,0.025020155218223435,0.38667913255592345,727
SPXUSD,2024-12-06,1,bearish,S1_NY: 5m retrace + 1m BOS,2024-12-06 14:53:00+00:00,6097.261,6098.327,6081.887,6065.631,,stop,-1.0,10031.644736842107,11765.225994103275,1733.5812572611685,0.17281126901299015,4483.255265941845,-0.2961679116608422,0.025020155218223435,0.38667913255592345,727
SPXUSD,2024-12-06,2,bearish,S2_NY: 5m retrace + 1m BOS,2024-12-06 14:53:00+00:00,6097.261,6098.327,6081.887,6065.631,,stop,-1.0,10031.644736842107,11765.225994103275,1733.5812572611685,0.17281126901299015,4483.255265941845,-0.2961679116608422,0.025020155218223435,0.38667913255592345,727
SPXUSD,2024-12-09,1,bullish,S1_NY: 5m retrace + 1m BOS,2024-12-09 14:54:00+00:00,6082.62,6081.364,6087.226,6094.232,,stop,-1.0,10031.644736842107,11765.225994103275,1733.5812572611685,0.17281126901299015,4483.255265941845,-0.2961679116608422,0.025020155218223435,0.38667913255592345,727
SPXUSD,2024-12-13,1,bearish,S1_NY: 5m retrace + 1m BOS,2024-12-13 14:52:00+00:00,6073.551,6077.819,6064.804,6060.989,6052.182,tp1,3.0122422680413337,10031.644736842107,11765.225994103275,1733.5812572611685,0.17281126901299015,4483.255265941845,-0.2961679116608422,0.025020155218223435,0.38667913255592345,727
SPXUSD,2024-12-13,2,bearish,S2_NY: 5m retrace + 1m BOS,2024-12-13 14:52:00+00:00,6073.551,6077.819,6064.804,6060.989,6052.182,tp1,3.0122422680413337,10031.644736842107,11765.225994103275,1733.5812572611685,0.17281126901299015,4483.255265941845,-0.2961679116608422,0.025020155218223435,0.38667913255592345,727
SPXUSD,2024-12-18,3,bearish,S3_NY: 5m retrace + 1m BOS,2024-12-18 14:41:00+00:00,6042.441,6044.196,6039.897,,,stop,-1.0,10031.644736842107,11765.225994103275,1733.5812572611685,0.17281126901299015,4483.255265941845,-0.2961679116608422,0.025020155218223435,0.38667913255592345,727
SPXUSD,2024-12-19,1,bearish,S1_NY: 5m retrace + 1m BOS,2024-12-19 14:43:00+00:00,5922.981,5933.923,5904.1,5882.931,5865.481,tp1,3.0915737525132263,10031.644736842107,11765.225994103275,1733.5812572611685,0.17281126901299015,4483.255265941845,-0.2961679116608422,0.025020155218223435,0.38667913255592345,727
SPXUSD,2024-12-19,3,bearish,S3_NY: 5m retrace + 1m BOS,2024-12-19 14:43:00+00:00,5922.981,5933.923,5912.22,5882.931,5865.481,tp1,0.49172911716320167,10031.644736842107,11765.225994103275,1733.5812572611685,0.17281126901299015,4483.255265941845,-0.2961679116608422,0.025020155218223435,0.38667913255592345,727
SPXUSD,2024-12-30,1,bullish,S1_NY: 5m retrace + 1m BOS,2024-12-30 14:55:00+00:00,5885.893,5879.77,5906.029,5962.177,5973.24,stop,-1.0,10031.644736842107,11765.225994103275,1733.5812572611685,0.17281126901299015,4483.255265941845,-0.2961679116608422,0.025020155218223435,0.38667913255592345,727
SPXUSD,2024-12-30,3,bullish,S3_NY: 5m retrace + 1m BOS,2024-12-30 14:55:00+00:00,5885.893,5879.77,5896.282,5962.177,5973.24,stop,-1.0,10031.644736842107,11765.225994103275,1733.5812572611685,0.17281126901299015,4483.255265941845,-0.2961679116608422,0.025020155218223435,0.38667913255592345,727
